{
  "type":"EditedTable",
  "created":"Thu, 20 Nov 2025 19:31:21 GMT",
  "serialization_version":"1",
  "transaction_id":"0929f9200d7995b9f9ff2b0b11b06b0313104a6affaf15d589dc10b267353d47",
  "row_cache_populated":false,
  "override_table_rows_schema":{},
  "row_count":4599,
  "input_table_url":"../Modified1334Values",
  "edits":{
    "label":{
      "runs_and_values":[
        [
          270,
          299,
          317,
          346,
          351,
          353,
          -355,
          359,
          -360,
          362,
          364,
          372,
          -373,
          378,
          380,
          387,
          389,
          397,
          401,
          404,
          410,
          416,
          -417,
          422,
          425,
          428,
          -430,
          435,
          -436,
          439,
          442,
          446,
          -447,
          450,
          452,
          455,
          459,
          466,
          -467,
          470,
          -471,
          474,
          479,
          490,
          492,
          499,
          502,
          511,
          -512,
          514,
          517,
          522,
          526,
          -527,
          533,
          -535,
          538,
          542,
          544,
          546,
          -547,
          557,
          -559,
          562,
          565,
          567,
          570,
          -571,
          624,
          631,
          688,
          694,
          699,
          -700,
          703,
          714,
          725,
          730,
          732,
          734,
          740,
          760,
          766,
          769,
          898,
          914,
          927,
          959,
          961,
          -962,
          973,
          986,
          994,
          999,
          1005,
          1010,
          1012,
          1029,
          1048,
          1050,
          1084,
          1093,
          1100,
          1104,
          1115,
          1120,
          1126,
          1133,
          1148,
          -1149,
          1176,
          1189,
          1194,
          1201,
          1211,
          1214,
          1220,
          -1222,
          1229,
          1232,
          1240,
          1266,
          1278,
          1282,
          1292,
          -1293,
          1296,
          1310,
          1320,
          1331,
          1338,
          1344,
          1346,
          1354,
          1357,
          1359,
          1361,
          -1363,
          1367,
          -1369,
          1375,
          1378,
          -1379,
          1385,
          1387,
          1391,
          -1392,
          1412,
          -1413,
          1431,
          1443,
          1461,
          1463,
          -1464,
          1467,
          1469,
          1480,
          1501,
          1506,
          1519,
          1521,
          1523,
          1525,
          1529,
          1533,
          1544,
          1569,
          1573,
          1579,
          1596,
          1601,
          1607,
          1611,
          1624,
          1648,
          1655,
          1666,
          -1667,
          1671,
          1676,
          1681,
          1689,
          1694,
          1704,
          1707,
          1714,
          1717,
          1719,
          1723,
          -1724,
          1728,
          1734,
          1736,
          1738,
          1743,
          -1744,
          1746,
          1750,
          1758,
          1764,
          1768,
          1774,
          1780,
          1785,
          1790,
          1792,
          -1793,
          1796,
          1798,
          1800,
          1803,
          1817,
          1821,
          1826,
          1831,
          1844,
          -1845,
          1854,
          1857,
          1859,
          1862,
          -1863,
          1873,
          1892,
          1900,
          1903,
          1907,
          1913,
          1915,
          1917,
          1919,
          -1921,
          1934,
          1944,
          1957,
          1959,
          1961,
          1963,
          1970,
          -1971,
          1973,
          -1974,
          1978,
          1988,
          1999,
          2010,
          2017,
          2019,
          2021,
          2028,
          2037,
          2039,
          2041,
          2043,
          2046,
          2049,
          -2050,
          2054,
          2056,
          2068,
          -2069,
          2074,
          2079,
          2086,
          2094,
          2097,
          2099,
          -2100,
          2104,
          2112,
          2116,
          2118,
          2121,
          2132,
          -2133,
          2135,
          2137,
          2141,
          -2143,
          2150,
          -2152,
          2155,
          2161,
          2165,
          2168,
          2171,
          2174,
          2179,
          2187,
          -2188,
          2190,
          2209,
          2289,
          2291,
          2334,
          2348,
          2354,
          2450,
          2489,
          2496,
          2500,
          2503,
          2517,
          -2518,
          2526,
          2564,
          2579
        ],
        0,
        [
          2730,
          2784,
          2912,
          2998,
          3021,
          3082,
          3123,
          3202,
          3242,
          3295,
          3448,
          3552,
          3579,
          3595,
          3642,
          3668,
          3726,
          3766,
          3785,
          3819,
          3853,
          3862,
          4058,
          4073,
          4138,
          4152,
          4178,
          4322,
          4534,
          4546,
          4577
        ],
        1
      ]
    },
    "weight":{
      "runs_and_values":[
        [
          270,
          282,
          299,
          317,
          346,
          351,
          353,
          -355,
          358,
          -360,
          362,
          364,
          372,
          -373,
          378,
          380,
          387,
          389,
          397,
          401,
          404,
          410,
          416,
          -417,
          422,
          425,
          428,
          -430,
          435,
          -436,
          439,
          442,
          446,
          -447,
          450,
          452,
          455,
          459,
          466,
          -467,
          470,
          -471,
          474,
          479,
          486,
          490,
          492,
          499,
          502,
          511,
          -512,
          514,
          517,
          522,
          526,
          -527,
          533,
          -535,
          538,
          542,
          544,
          546,
          -547,
          557,
          -559,
          562,
          565,
          -567,
          570,
          -571,
          624,
          631,
          638,
          681,
          688,
          694,
          699,
          -700,
          703,
          707,
          714,
          725,
          730,
          732,
          -734,
          740,
          760,
          766,
          769,
          860,
          872,
          898,
          901,
          914,
          927,
          950,
          959,
          -962,
          973,
          978,
          986,
          994,
          999,
          1005,
          1010,
          1012,
          1029,
          1039,
          1048,
          1050,
          1060,
          1067,
          1084,
          1093,
          1097,
          1100,
          1104,
          1107,
          1115,
          1120,
          1126,
          1133,
          1138,
          1148,
          -1149,
          1158,
          1176,
          1185,
          1189,
          1194,
          1201,
          1211,
          1213,
          -1214,
          1220,
          -1222,
          1229,
          1232,
          1240,
          1266,
          1278,
          1282,
          1292,
          -1293,
          1296,
          1310,
          1320,
          1331,
          -1332,
          1338,
          1344,
          1346,
          1354,
          1357,
          1359,
          1361,
          -1363,
          1367,
          -1369,
          1375,
          1378,
          -1379,
          1385,
          1387,
          1391,
          -1392,
          1412,
          -1413,
          1431,
          1443,
          1461,
          1463,
          -1464,
          1467,
          1469,
          1480,
          1501,
          1506,
          1519,
          1521,
          1523,
          1525,
          1529,
          1533,
          1544,
          1569,
          1573,
          1579,
          1596,
          1601,
          1607,
          1611,
          1616,
          1624,
          1648,
          1655,
          1666,
          -1667,
          1671,
          1676,
          1681,
          1689,
          1694,
          1704,
          1707,
          1714,
          1717,
          1719,
          1723,
          -1724,
          1728,
          1734,
          1736,
          1738,
          1743,
          -1744,
          1746,
          1750,
          1758,
          1764,
          1768,
          1774,
          1780,
          1785,
          1790,
          1792,
          -1793,
          1796,
          1798,
          1800,
          1803,
          1817,
          1821,
          1826,
          1831,
          1844,
          -1845,
          1854,
          1857,
          1859,
          1862,
          -1863,
          1873,
          1887,
          1892,
          1897,
          1900,
          1903,
          1907,
          1913,
          1915,
          1917,
          1919,
          -1921,
          1934,
          1944,
          1957,
          1959,
          1961,
          1963,
          1970,
          -1971,
          1973,
          -1974,
          1978,
          1988,
          1999,
          2010,
          2013,
          2017,
          2019,
          2021,
          2028,
          2037,
          2039,
          2041,
          2043,
          2046,
          2049,
          -2050,
          2054,
          2056,
          2068,
          -2069,
          2074,
          2079,
          2086,
          2094,
          2097,
          2099,
          -2100,
          2103,
          -2104,
          2112,
          2116,
          2118,
          2121,
          2132,
          -2133,
          2135,
          2137,
          2141,
          -2143,
          2150,
          -2152,
          2155,
          2161,
          2165,
          2168,
          2171,
          2174,
          2179,
          2187,
          -2188,
          2190,
          2209,
          2242,
          2289,
          2291,
          2334,
          2348,
          2354,
          2450,
          2489,
          2496,
          2500,
          2503,
          2517,
          -2518,
          2526,
          2564,
          2579,
          2730,
          2784,
          2912,
          2942,
          2998,
          3021,
          3082,
          3123,
          3188,
          3202,
          3242,
          3295,
          3415,
          3448,
          3511,
          3525,
          3552,
          3579,
          3595,
          3642,
          3668,
          3726,
          3766,
          3785,
          3814,
          3819,
          3853,
          3862,
          4058,
          4073,
          4138,
          4152,
          4178,
          4289,
          4322,
          4349,
          4392,
          4484,
          4534,
          4546,
          4577
        ],
        1
      ]
    },
    "SHOULD_DELETE":{
      "runs_and_values":[
        [
          282,
          358,
          486,
          566,
          638,
          681,
          707,
          733,
          860,
          872,
          901,
          950,
          960,
          978,
          1039,
          1060,
          1067,
          1097,
          1107,
          1138,
          1158,
          1185,
          1213,
          1332,
          1616,
          1887,
          1897,
          2013,
          2103,
          2242,
          2942,
          3188,
          3415,
          3511,
          3525,
          3814,
          4289,
          4349,
          4392,
          4484
        ],
        true
      ]
    }
  },
  "schema":{
    "display_name":"Schema",
    "description":"The Schema describing the layout of the 3LC object",
    "values":{
      "type":{
        "display_name":"Type",
        "description":"The type name of the class",
        "writable":false,
        "value":{
          "type":"string",
          "string_role":"ObjectType"
        }
      },
      "schema":{
        "display_name":"Schema",
        "description":"The Schema object format",
        "value":{
          "type":"dict"
        }
      },
      "created":{
        "display_name":"Created",
        "description":"The datetime of the object creation",
        "value":{
          "type":"string",
          "string_role":"Datetime"
        }
      },
      "serialization_version":{
        "display_name":"Version",
        "description":"The serialization version of the object",
        "value":{
          "type":"string",
          "string_role":"Version"
        }
      },
      "transaction_id":{
        "display_name":"Transaction ID",
        "description":"The transaction associated with this object",
        "writable":false,
        "default_visible":false,
        "value":{
          "type":"string"
        }
      },
      "is_url_writable":{
        "display_name":"Is URL writable",
        "description":"Whether the URL where the object is stored is writable.",
        "writable":false,
        "display_importance":-1,
        "transient":true,
        "default_visible":false,
        "value":{
          "type":"bool"
        }
      },
      "row_cache_url":{
        "display_name":"Row cache URL",
        "description":"An optional URL referring to a cached version of all rows within this table",
        "writable":false,
        "value":{
          "type":"string",
          "string_role":"URL"
        }
      },
      "row_cache_populated":{
        "display_name":"Row cache populated",
        "description":"Whether 'row_cache_url' refers to a cached version of all rows within this table",
        "writable":false,
        "value":{
          "type":"bool"
        }
      },
      "dataset_name":{
        "display_name":"Dataset name",
        "description":"The name of the dataset that this table belongs to",
        "writable":false,
        "display_importance":399,
        "transient":true,
        "value":{
          "type":"string"
        }
      },
      "project_name":{
        "display_name":"Project name",
        "description":"The name of the project that this table belongs to",
        "writable":false,
        "display_importance":400,
        "transient":true,
        "value":{
          "type":"string"
        }
      },
      "override_table_rows_schema":{
        "display_name":"Override Schema",
        "description":"A schema describing potentially sparse overrides for the base schema",
        "value":{
          "type":"dict"
        }
      },
      "row_count":{
        "display_name":"Row count",
        "description":"The number of rows within this table (if known).",
        "writable":false,
        "value":{
          "type":"int32",
          "min":-1,
          "max":1000000000,
          "enforce_min":true,
          "map":{
            "-1.0":{
              "internal_name":"Unknown",
              "display_name":"(Unknown)",
              "description":"The table hasn't produced its rows yet, and so the row count is still unknown",
              "display_color":"#c06060"
            }
          }
        }
      },
      "description":{
        "display_name":"Description",
        "display_importance":-1,
        "value":{
          "type":"string"
        }
      },
      "input_tables":{
        "display_name":"Input Tables",
        "description":"Which input tables have been used to produce the table.",
        "writable":false,
        "size0":{
          "type":"int32",
          "min":0,
          "max":1000,
          "enforce_min":true
        },
        "value":{
          "type":"string",
          "string_role":"URL/Table"
        }
      },
      "input_table_url":{
        "value":{
          "type":"string",
          "string_role":"URL/Table"
        }
      },
      "edits":{
        "display_name":"Edit schema",
        "description":"Schema for the 'edits' property",
        "value":{
          "type":"dict"
        }
      },
      "rows":{
        "display_name":"Table rows",
        "description":"A property containing the table rows within this Parquet table",
        "writable":false,
        "size0":{
          "type":"int32",
          "min":0,
          "max":1000000000,
          "enforce_min":true,
          "number_role":"table_row_index",
          "display_name":"Table row"
        },
        "values":{
          "id":{
            "writable":false,
            "value":{
              "type":"int32"
            }
          },
          "image":{
            "sample_type":"image_path",
            "value":{
              "type":"string",
              "string_role":"URL/Image"
            }
          },
          "label":{
            "sample_type":"categorical_label",
            "value":{
              "type":"int32",
              "min":0,
              "max":2,
              "number_role":"label",
              "map":{
                "0.0":{
                  "internal_name":"chihuahua"
                },
                "1.0":{
                  "internal_name":"muffin"
                },
                "2.0":{
                  "internal_name":"undefined"
                }
              }
            }
          },
          "weight":{
            "display_name":"Weight",
            "description":"The weights of the samples in this table.",
            "sample_type":"hidden",
            "value":{
              "default_value":1.0,
              "min":0,
              "enforce_min":true,
              "number_role":"sample_weight"
            }
          }
        }
      }
    }
  }
}