{
  "type":"EditedTable",
  "created":"Thu, 20 Nov 2025 08:07:03 GMT",
  "serialization_version":"1",
  "transaction_id":"3e9f6a62b490edf63e16608c0bdd3e2dad1eb89d035c42b2a4d902e5ae4bec72",
  "row_cache_populated":false,
  "override_table_rows_schema":{},
  "row_count":4685,
  "input_table_url":"../DeleteX13SetLabelIn714RowsTo1",
  "edits":{
    "label":{
      "runs_and_values":[
        [
          3624,
          3630,
          3633,
          -3634,
          3771,
          3776,
          3786,
          -3787,
          3801,
          3806,
          3811,
          3822,
          -3823,
          3829,
          -3830,
          3832,
          3838,
          3843,
          3846,
          3855,
          3865,
          3873,
          3878,
          3881,
          3890,
          3893,
          3898,
          3903,
          -3904,
          3921,
          -3922,
          3927,
          3935,
          3940,
          3946,
          -3949,
          3955,
          3964,
          3966,
          3982,
          3984,
          3991,
          3996,
          -3997,
          3999,
          4006,
          4008,
          4011,
          4013,
          4021,
          -4022,
          4028,
          4030,
          4035,
          4037,
          4045,
          -4047,
          4056,
          4068,
          4070,
          4078,
          4080,
          4082,
          4089,
          4091,
          4102,
          4106,
          4112,
          4116,
          4118,
          4122,
          4129,
          4131,
          4139,
          4142,
          4149,
          -4150,
          4153,
          4159,
          4161,
          4165,
          4173,
          4182,
          4185,
          -4186,
          4193,
          4195,
          4201,
          4204,
          4207,
          4210,
          4224,
          4226,
          4233,
          4242,
          4256,
          -4257,
          4260,
          4270,
          -4271,
          4285,
          4289,
          4292,
          4305,
          4307,
          4309,
          4319,
          4322,
          4329,
          4341,
          4343,
          4351,
          4353,
          4355,
          -4356,
          4361,
          4363,
          4372,
          -4373,
          4388,
          4390,
          4395,
          4400,
          4403,
          4410,
          4412,
          4414,
          4420,
          -4421,
          4429,
          4431,
          4445,
          -4446,
          4448,
          4450,
          4452,
          4454,
          4456,
          -4458,
          4462,
          -4463,
          4468,
          4483,
          -4484,
          4489,
          4514,
          4519,
          4526,
          4530,
          4534,
          4538,
          4540,
          4542,
          4545,
          4564,
          -4566,
          4569,
          4573,
          4581,
          -4583
        ],
        1
      ]
    },
    "SHOULD_DELETE":{
      "runs_and_values":[
        [
          3762,
          -3763,
          3772,
          3777,
          3792,
          3794,
          3799,
          -3800,
          3804,
          3812,
          -3813,
          3816,
          3831,
          3837,
          3841,
          3844,
          3852,
          -3853,
          3876,
          3899,
          3956,
          3975,
          4023,
          4058,
          4120,
          4279,
          4288,
          4334,
          4338,
          4371,
          4375,
          -4376,
          4378,
          4537,
          4550
        ],
        true
      ]
    }
  },
  "schema":{
    "display_name":"Schema",
    "description":"The Schema describing the layout of the 3LC object",
    "values":{
      "type":{
        "display_name":"Type",
        "description":"The type name of the class",
        "writable":false,
        "value":{
          "type":"string",
          "string_role":"ObjectType"
        }
      },
      "schema":{
        "display_name":"Schema",
        "description":"The Schema object format",
        "value":{
          "type":"dict"
        }
      },
      "created":{
        "display_name":"Created",
        "description":"The datetime of the object creation",
        "value":{
          "type":"string",
          "string_role":"Datetime"
        }
      },
      "serialization_version":{
        "display_name":"Version",
        "description":"The serialization version of the object",
        "value":{
          "type":"string",
          "string_role":"Version"
        }
      },
      "transaction_id":{
        "display_name":"Transaction ID",
        "description":"The transaction associated with this object",
        "writable":false,
        "default_visible":false,
        "value":{
          "type":"string"
        }
      },
      "is_url_writable":{
        "display_name":"Is URL writable",
        "description":"Whether the URL where the object is stored is writable.",
        "writable":false,
        "display_importance":-1,
        "transient":true,
        "default_visible":false,
        "value":{
          "type":"bool"
        }
      },
      "row_cache_url":{
        "display_name":"Row cache URL",
        "description":"An optional URL referring to a cached version of all rows within this table",
        "writable":false,
        "value":{
          "type":"string",
          "string_role":"URL"
        }
      },
      "row_cache_populated":{
        "display_name":"Row cache populated",
        "description":"Whether 'row_cache_url' refers to a cached version of all rows within this table",
        "writable":false,
        "value":{
          "type":"bool"
        }
      },
      "dataset_name":{
        "display_name":"Dataset name",
        "description":"The name of the dataset that this table belongs to",
        "writable":false,
        "display_importance":399,
        "transient":true,
        "value":{
          "type":"string"
        }
      },
      "project_name":{
        "display_name":"Project name",
        "description":"The name of the project that this table belongs to",
        "writable":false,
        "display_importance":400,
        "transient":true,
        "value":{
          "type":"string"
        }
      },
      "override_table_rows_schema":{
        "display_name":"Override Schema",
        "description":"A schema describing potentially sparse overrides for the base schema",
        "value":{
          "type":"dict"
        }
      },
      "row_count":{
        "display_name":"Row count",
        "description":"The number of rows within this table (if known).",
        "writable":false,
        "value":{
          "type":"int32",
          "min":-1,
          "max":1000000000,
          "enforce_min":true,
          "map":{
            "-1.0":{
              "internal_name":"Unknown",
              "display_name":"(Unknown)",
              "description":"The table hasn't produced its rows yet, and so the row count is still unknown",
              "display_color":"#c06060"
            }
          }
        }
      },
      "description":{
        "display_name":"Description",
        "display_importance":-1,
        "value":{
          "type":"string"
        }
      },
      "input_tables":{
        "display_name":"Input Tables",
        "description":"Which input tables have been used to produce the table.",
        "writable":false,
        "size0":{
          "type":"int32",
          "min":0,
          "max":1000,
          "enforce_min":true
        },
        "value":{
          "type":"string",
          "string_role":"URL/Table"
        }
      },
      "input_table_url":{
        "value":{
          "type":"string",
          "string_role":"URL/Table"
        }
      },
      "edits":{
        "display_name":"Edit schema",
        "description":"Schema for the 'edits' property",
        "value":{
          "type":"dict"
        }
      },
      "rows":{
        "display_name":"Table rows",
        "description":"A property containing the table rows within this Parquet table",
        "writable":false,
        "size0":{
          "type":"int32",
          "min":0,
          "max":1000000000,
          "enforce_min":true,
          "number_role":"table_row_index",
          "display_name":"Table row"
        },
        "values":{
          "id":{
            "writable":false,
            "value":{
              "type":"int32"
            }
          },
          "image":{
            "sample_type":"image_path",
            "value":{
              "type":"string",
              "string_role":"URL/Image"
            }
          },
          "label":{
            "sample_type":"categorical_label",
            "value":{
              "type":"int32",
              "min":0,
              "max":2,
              "number_role":"label",
              "map":{
                "0.0":{
                  "internal_name":"chihuahua"
                },
                "1.0":{
                  "internal_name":"muffin"
                },
                "2.0":{
                  "internal_name":"undefined"
                }
              }
            }
          },
          "weight":{
            "display_name":"Weight",
            "description":"The weights of the samples in this table.",
            "sample_type":"hidden",
            "value":{
              "default_value":1.0,
              "min":0,
              "enforce_min":true,
              "number_role":"sample_weight"
            }
          }
        }
      }
    }
  }
}