{
  "type":"EditedTable",
  "created":"Thu, 20 Nov 2025 07:16:20 GMT",
  "serialization_version":"1",
  "transaction_id":"2e71a19c603d9620b41e9343f1b4289d74f61486529d80b3fe3b80b61b782b7d",
  "row_cache_populated":false,
  "override_table_rows_schema":{},
  "row_count":4732,
  "input_table_url":"../train",
  "edits":{
    "label":{
      "runs_and_values":[
        [
          2864,
          -2882,
          2884,
          -2892,
          2894,
          -2900,
          2902,
          -2907,
          2910,
          -2980,
          2982,
          -3012,
          3014,
          -3016,
          3018,
          -3042,
          3044,
          -3059,
          3061,
          -3068,
          3070,
          -3085,
          3088,
          -3090,
          3092,
          -3094,
          3096,
          -3106,
          3108,
          -3121,
          3124,
          -3136,
          3138,
          -3141,
          3143,
          -3144,
          3146,
          -3158,
          3160,
          -3175,
          3179,
          3181,
          -3234,
          3237,
          -3240,
          3242,
          3246,
          -3248,
          3251,
          3253,
          -3266,
          3268,
          -3277,
          3279,
          -3352,
          3354,
          -3380,
          3383,
          -3399,
          3401,
          -3403,
          3405,
          -3413,
          3416,
          -3421,
          3424,
          3427,
          -3432,
          3437,
          -3444,
          3447,
          -3451,
          3453,
          3456,
          3458,
          -3461,
          3463,
          3465,
          -3466,
          3468,
          -3470,
          3472,
          -3474,
          3476,
          3478,
          -3481,
          3483,
          -3484,
          3486,
          -3494,
          3496,
          3498,
          -3500,
          3503,
          -3512,
          3515,
          -3518,
          3520,
          -3525,
          3527,
          -3534,
          3536,
          3539,
          -3541,
          3543,
          -3544,
          3547,
          3549,
          -3551,
          3554,
          3557,
          3559,
          -3567,
          3572,
          3574,
          3577,
          -3580,
          3582,
          -3583,
          3585,
          -3586,
          3591,
          -3594,
          3596,
          -3598,
          3601,
          -3602,
          3604,
          3606,
          -3608,
          3610,
          -3612,
          3615,
          -3618,
          3620,
          -3628,
          3630,
          3632,
          -3637,
          3639,
          -3642,
          3645,
          -3646,
          3650,
          3652,
          -3658,
          3660,
          -3662,
          3664,
          -3665,
          3667,
          3669,
          -3675,
          3677,
          3683,
          -3684,
          3688,
          -3689,
          3691,
          3695,
          -3696,
          3698,
          -3703,
          3705,
          3707,
          -3708,
          3712,
          -3719,
          3721,
          -3724,
          3726,
          3728,
          -3729,
          3731,
          3734,
          3736,
          -3738,
          3740,
          3742,
          -3744,
          3746,
          -3749,
          3752,
          3754,
          3757,
          3760,
          3762,
          3764,
          -3765,
          3768,
          -3769,
          3771,
          3773,
          3775,
          3777,
          -3779,
          3782,
          -3784,
          3786,
          -3788,
          3790,
          -3795,
          3797,
          3799,
          -3801,
          3805,
          -3806,
          3810,
          -3813,
          3815,
          3818,
          -3819,
          3821,
          -3829,
          3831,
          -3833,
          3836,
          -3839,
          3842,
          -3844,
          3846,
          -3847,
          3850,
          -3851,
          3853,
          -3855,
          3858,
          -3861,
          3863,
          -3865,
          3867,
          -3902,
          3904,
          -3927,
          3929,
          3931,
          3934,
          -3944,
          3946,
          -3994,
          3996,
          -4044,
          4046,
          -4061,
          4064,
          -4071,
          4073,
          -4076,
          4078,
          -4083,
          4085,
          -4094,
          4732
        ],
        1
      ]
    },
    "SHOULD_DELETE":{
      "runs_and_values":[
        [
          3433
        ],
        true
      ]
    }
  },
  "schema":{
    "display_name":"Schema",
    "description":"The Schema describing the layout of the 3LC object",
    "values":{
      "type":{
        "display_name":"Type",
        "description":"The type name of the class",
        "writable":false,
        "value":{
          "type":"string",
          "string_role":"ObjectType"
        }
      },
      "schema":{
        "display_name":"Schema",
        "description":"The Schema object format",
        "value":{
          "type":"dict"
        }
      },
      "created":{
        "display_name":"Created",
        "description":"The datetime of the object creation",
        "value":{
          "type":"string",
          "string_role":"Datetime"
        }
      },
      "serialization_version":{
        "display_name":"Version",
        "description":"The serialization version of the object",
        "value":{
          "type":"string",
          "string_role":"Version"
        }
      },
      "transaction_id":{
        "display_name":"Transaction ID",
        "description":"The transaction associated with this object",
        "writable":false,
        "default_visible":false,
        "value":{
          "type":"string"
        }
      },
      "is_url_writable":{
        "display_name":"Is URL writable",
        "description":"Whether the URL where the object is stored is writable.",
        "writable":false,
        "display_importance":-1,
        "transient":true,
        "default_visible":false,
        "value":{
          "type":"bool"
        }
      },
      "row_cache_url":{
        "display_name":"Row cache URL",
        "description":"An optional URL referring to a cached version of all rows within this table",
        "writable":false,
        "value":{
          "type":"string",
          "string_role":"URL"
        }
      },
      "row_cache_populated":{
        "display_name":"Row cache populated",
        "description":"Whether 'row_cache_url' refers to a cached version of all rows within this table",
        "writable":false,
        "value":{
          "type":"bool"
        }
      },
      "dataset_name":{
        "display_name":"Dataset name",
        "description":"The name of the dataset that this table belongs to",
        "writable":false,
        "display_importance":399,
        "transient":true,
        "value":{
          "type":"string"
        }
      },
      "project_name":{
        "display_name":"Project name",
        "description":"The name of the project that this table belongs to",
        "writable":false,
        "display_importance":400,
        "transient":true,
        "value":{
          "type":"string"
        }
      },
      "override_table_rows_schema":{
        "display_name":"Override Schema",
        "description":"A schema describing potentially sparse overrides for the base schema",
        "value":{
          "type":"dict"
        }
      },
      "row_count":{
        "display_name":"Row count",
        "description":"The number of rows within this table (if known).",
        "writable":false,
        "value":{
          "type":"int32",
          "min":-1,
          "max":1000000000,
          "enforce_min":true,
          "map":{
            "-1.0":{
              "internal_name":"Unknown",
              "display_name":"(Unknown)",
              "description":"The table hasn't produced its rows yet, and so the row count is still unknown",
              "display_color":"#c06060"
            }
          }
        }
      },
      "description":{
        "display_name":"Description",
        "display_importance":-1,
        "value":{
          "type":"string"
        }
      },
      "input_tables":{
        "display_name":"Input Tables",
        "description":"Which input tables have been used to produce the table.",
        "writable":false,
        "size0":{
          "type":"int32",
          "min":0,
          "max":1000,
          "enforce_min":true
        },
        "value":{
          "type":"string",
          "string_role":"URL/Table"
        }
      },
      "input_table_url":{
        "value":{
          "type":"string",
          "string_role":"URL/Table"
        }
      },
      "edits":{
        "display_name":"Edit schema",
        "description":"Schema for the 'edits' property",
        "value":{
          "type":"dict"
        }
      },
      "rows":{
        "display_name":"Table rows",
        "description":"A property containing the table rows within this Parquet table",
        "writable":false,
        "size0":{
          "type":"int32",
          "min":0,
          "max":1000000000,
          "enforce_min":true,
          "number_role":"table_row_index",
          "display_name":"Table row"
        },
        "values":{
          "id":{
            "writable":false,
            "value":{
              "type":"int32"
            }
          },
          "image":{
            "sample_type":"image_path",
            "value":{
              "type":"string",
              "string_role":"URL/Image"
            }
          },
          "label":{
            "sample_type":"categorical_label",
            "value":{
              "type":"int32",
              "min":0,
              "max":2,
              "number_role":"label",
              "map":{
                "0.0":{
                  "internal_name":"chihuahua"
                },
                "1.0":{
                  "internal_name":"muffin"
                },
                "2.0":{
                  "internal_name":"undefined"
                }
              }
            }
          },
          "weight":{
            "display_name":"Weight",
            "description":"The weights of the samples in this table.",
            "sample_type":"hidden",
            "value":{
              "default_value":1.0,
              "min":0,
              "enforce_min":true,
              "number_role":"sample_weight"
            }
          }
        }
      }
    }
  }
}