{
  "type":"EditedTable",
  "created":"Thu, 20 Nov 2025 09:29:21 GMT",
  "serialization_version":"1",
  "transaction_id":"c78e145068db4bd5529c2f8d20897898799c76d792ce41a4722b36f224b8d5ee",
  "row_cache_populated":false,
  "override_table_rows_schema":{},
  "row_count":4691,
  "input_table_url":"../train",
  "edits":{
    "label":{
      "runs_and_values":[
        [
          200,
          -202
        ],
        0,
        [
          2659,
          -2661,
          2663,
          -2667,
          2669,
          -2675,
          2677,
          -2683,
          2685,
          -2704,
          2707,
          -2718,
          2720,
          -2729,
          2731,
          -2732,
          2734,
          -2740,
          2742,
          2744,
          -2753,
          2756,
          -2768,
          2770,
          -2782,
          2785,
          -2793,
          2796,
          2798,
          -2804,
          2806,
          -2825,
          2827,
          -2836,
          2838,
          -2845,
          2847,
          -2863,
          2866,
          2868,
          -2870,
          2872,
          -2882,
          2884,
          -2885,
          2887,
          -2892,
          2894,
          -2900,
          2902,
          -2905,
          2907,
          2910,
          -2911,
          2913,
          2915,
          -2919,
          2921,
          2923,
          -2928,
          2930,
          -2931,
          2933,
          -2941,
          2943,
          -2951,
          2953,
          2955,
          -2959,
          2961,
          2963,
          -2964,
          2966,
          2968,
          -2977,
          2979,
          -2980,
          2983,
          -2991,
          2994,
          3001,
          3003,
          -3012,
          3015,
          -3016,
          3018,
          -3020,
          3022,
          3024,
          -3037,
          3039,
          -3041,
          3043,
          3045,
          -3052,
          3057,
          -3068,
          3071,
          -3077,
          3080,
          -3081,
          3083,
          -3088,
          3090,
          3092,
          -3094,
          3096,
          -3101,
          3103,
          3105,
          -3106,
          3110,
          3113,
          -3116,
          3118,
          -3119,
          3121,
          3124,
          -3129,
          3131,
          -3133,
          3135,
          -3138,
          3140,
          -3141,
          3143,
          3147,
          -3161,
          3163,
          -3172,
          3174,
          -3175,
          3177,
          3181,
          -3187,
          3190,
          -3201,
          3203,
          3205,
          -3222,
          3224,
          -3226,
          3228,
          -3232,
          3234,
          3237,
          3239,
          -3240,
          3246,
          3248,
          3251,
          -3255,
          3257,
          3261,
          -3264,
          3266,
          3268,
          -3269,
          3272,
          -3273,
          3275,
          -3287,
          3289,
          3291,
          -3294,
          3296,
          -3297,
          3299,
          3301,
          -3302,
          3304,
          -3308,
          3310,
          -3313,
          3316,
          -3320,
          3322,
          -3328,
          3330,
          3334,
          -3337,
          3339,
          -3352,
          3354,
          -3357,
          3359,
          -3365,
          3367,
          -3369,
          3371,
          -3378,
          3380,
          -3381,
          3383,
          -3384,
          3386,
          -3399,
          3401,
          -3412,
          3417,
          -3418,
          3420,
          -3421,
          3424,
          -3425,
          3427,
          -3428,
          3431,
          -3432,
          3437,
          -3438,
          3440,
          3442,
          -3444,
          3447,
          3449,
          -3451,
          3455,
          -3456,
          3459,
          -3461,
          3463,
          -3466,
          3469,
          3471,
          -3474,
          3476,
          3478,
          3480,
          -3481,
          3483,
          -3484,
          3486,
          -3492,
          3494,
          3496,
          3498,
          -3499,
          3503,
          -3504,
          3506,
          -3510,
          3512,
          3514,
          -3516,
          3518,
          3520,
          -3524,
          3526,
          -3532,
          3534,
          3539,
          -3541,
          3543,
          -3544,
          3547,
          3549,
          3551,
          3554,
          3557,
          -3559,
          3561,
          -3563,
          3565,
          -3566,
          3569,
          3572,
          3574,
          3577,
          -3578,
          3580,
          -3583,
          3586,
          3588,
          -3590,
          3592,
          -3594,
          3596,
          3598,
          3600,
          -3602,
          3604,
          3606,
          -3607,
          3611,
          -3612,
          3615,
          -3616,
          3618,
          3620,
          -3627,
          3630,
          3632,
          -3633,
          3635,
          3637,
          3639,
          3644,
          -3647,
          3649,
          -3650,
          3652,
          3654,
          -3659,
          3661,
          3665,
          3669,
          -3675,
          3677,
          3679,
          3681,
          -3684,
          3686,
          -3689,
          3695,
          -3696,
          3698,
          -3703,
          3705,
          3707,
          -3709,
          3711,
          3714,
          -3721,
          3723,
          -3724,
          3728,
          -3731,
          3733,
          -3734,
          3736,
          -3738,
          3740,
          3742,
          -3743,
          3747,
          -3749,
          3751,
          -3752,
          3754,
          3756,
          -3757,
          3759,
          -3762,
          3764,
          -3765,
          3769,
          3771,
          -3773,
          3775,
          3777,
          -3779,
          3782,
          -3783,
          3786,
          -3788,
          3790,
          3792,
          -3795,
          3797,
          3800,
          -3806,
          3808,
          -3813,
          3815,
          3818,
          3822,
          -3823,
          3825,
          3827,
          3829,
          3831,
          -3833,
          3836,
          3838,
          -3839,
          3841,
          3843,
          -3847,
          3849,
          -3851,
          3855,
          3857,
          -3858,
          3860,
          -3861,
          3863,
          3865,
          3867,
          -3869,
          3871,
          -3872,
          3875,
          -3885,
          3887,
          -3891,
          3893,
          -3898,
          3900,
          -3902,
          3904,
          -3907,
          3909,
          -3913,
          3915,
          -3921,
          3923,
          -3931,
          3933,
          -3941,
          3943,
          -3944,
          3946,
          -3950,
          3952,
          3954,
          -3959,
          3961,
          -3971,
          3973,
          -3974,
          3976,
          -3978,
          3980,
          -3994,
          3996,
          -4012,
          4014,
          -4017,
          4019,
          -4032,
          4034,
          -4044,
          4046,
          -4057,
          4059,
          4061,
          4064,
          -4071,
          4074,
          -4082,
          4084,
          -4092,
          4094,
          -4103,
          4106,
          4108,
          -4115,
          4117,
          -4124,
          4126,
          4128,
          -4131,
          4133,
          -4137,
          4140,
          -4143,
          4145,
          -4147,
          4151,
          4153,
          -4157,
          4160,
          -4163,
          4165,
          -4167,
          4170,
          -4172,
          4174,
          -4177,
          4179,
          -4186,
          4190,
          4192,
          -4209,
          4212,
          -4216,
          4218,
          -4220,
          4222,
          -4224,
          4226,
          -4228,
          4230,
          -4235,
          4238,
          -4242,
          4244,
          -4248,
          4250,
          -4253,
          4255,
          -4268,
          4270,
          -4271,
          4273,
          -4274,
          4276,
          4278,
          -4283,
          4285,
          -4286,
          4288,
          4290,
          -4292,
          4294,
          -4295,
          4297,
          -4310,
          4313,
          -4314,
          4317,
          -4320,
          4324,
          -4331,
          4333,
          -4335,
          4338,
          -4340,
          4343,
          4345,
          -4348,
          4350,
          4353,
          -4357,
          4359,
          -4363,
          4365,
          -4368,
          4371,
          -4373,
          4376,
          4379,
          4381,
          4384,
          -4385,
          4387,
          -4391,
          4393,
          -4395,
          4397,
          4399,
          -4400,
          4403,
          -4406,
          4409,
          -4413,
          4417,
          -4419,
          4421,
          -4423,
          4425,
          -4426,
          4429,
          -4439,
          4441,
          4443,
          4447,
          -4458,
          4460,
          -4461,
          4463,
          -4466,
          4468,
          -4481,
          4483,
          4486,
          -4491,
          4494,
          -4498,
          4500,
          -4504,
          4507,
          4509,
          -4510,
          4512,
          4514,
          -4515,
          4517,
          -4518,
          4520,
          -4529,
          4531,
          -4533,
          4535,
          -4538,
          4540,
          4542,
          -4545,
          4547,
          -4557,
          4560,
          4563,
          -4564,
          4566,
          -4570,
          4572,
          4574,
          4576,
          4578,
          -4582,
          4584,
          -4587,
          4589,
          -4594,
          4596,
          -4603,
          4605,
          -4606,
          4608,
          -4610,
          4612,
          4615,
          -4619,
          4621,
          -4626,
          4629,
          -4631,
          4637,
          -4638,
          4640,
          -4645,
          4647,
          4649,
          -4650,
          4652,
          -4661,
          4663,
          -4665,
          4667,
          -4669,
          4671,
          -4678,
          4680,
          -4686,
          4689,
          4691,
          -4706,
          4708,
          -4728,
          4730,
          -4731
        ],
        1
      ]
    },
    "weight":{
      "runs_and_values":[
        [
          200,
          -202,
          209,
          2659,
          -2661,
          2663,
          -2667,
          2669,
          -2675,
          2677,
          -2683,
          2685,
          -2704,
          2707,
          -2718,
          2720,
          -2729,
          2731,
          -2732,
          2734,
          -2740,
          2742,
          2744,
          -2753,
          2756,
          -2768,
          2770,
          -2782,
          2785,
          -2793,
          2796,
          2798,
          -2804,
          2806,
          -2825,
          2827,
          -2836,
          2838,
          -2845,
          2847,
          -2863,
          2866,
          2868,
          -2870,
          2872,
          -2882,
          2884,
          -2885,
          2887,
          -2892,
          2894,
          -2905,
          2907,
          2909,
          -2911,
          2913,
          2915,
          -2919,
          2921,
          2923,
          -2928,
          2930,
          -2931,
          2933,
          -2941,
          2943,
          -2951,
          2953,
          2955,
          -2959,
          2961,
          2963,
          -2964,
          2966,
          2968,
          -2977,
          2979,
          -2980,
          2983,
          -2991,
          2993,
          -2994,
          2997,
          3001,
          3003,
          -3012,
          3015,
          -3016,
          3018,
          -3020,
          3022,
          3024,
          -3037,
          3039,
          -3041,
          3043,
          3045,
          -3052,
          3057,
          -3068,
          3071,
          -3077,
          3080,
          -3081,
          3083,
          -3088,
          3090,
          3092,
          -3094,
          3096,
          -3101,
          3103,
          3105,
          -3106,
          3110,
          3113,
          -3116,
          3118,
          -3119,
          3121,
          3124,
          -3129,
          3131,
          -3133,
          3135,
          -3138,
          3140,
          -3141,
          3143,
          3147,
          -3161,
          3163,
          -3172,
          3174,
          -3175,
          3177,
          3181,
          -3187,
          3190,
          -3201,
          3203,
          3205,
          -3222,
          3224,
          -3226,
          3228,
          -3232,
          3234,
          3237,
          3239,
          -3240,
          3246,
          3248,
          3251,
          -3255,
          3257,
          3261,
          -3264,
          3266,
          3268,
          -3269,
          3272,
          -3273,
          3275,
          -3287,
          3289,
          3291,
          -3294,
          3296,
          -3299,
          3301,
          -3302,
          3304,
          -3308,
          3310,
          -3313,
          3316,
          -3320,
          3322,
          -3328,
          3330,
          3334,
          -3337,
          3339,
          -3352,
          3354,
          -3357,
          3359,
          -3369,
          3371,
          -3378,
          3380,
          -3381,
          3383,
          -3384,
          3386,
          -3399,
          3401,
          -3412,
          3414,
          3417,
          -3418,
          3420,
          -3421,
          3424,
          -3428,
          3430,
          -3432,
          3437,
          -3438,
          3440,
          3442,
          -3444,
          3447,
          3449,
          -3452,
          3455,
          -3457,
          3459,
          -3461,
          3463,
          -3467,
          3469,
          3471,
          -3478,
          3480,
          -3481,
          3483,
          -3484,
          3486,
          -3492,
          3494,
          3496,
          -3499,
          3503,
          -3504,
          3506,
          -3510,
          3512,
          -3516,
          3518,
          3520,
          -3524,
          3526,
          -3535,
          3538,
          -3541,
          3543,
          -3544,
          3547,
          3549,
          3551,
          3554,
          -3555,
          3557,
          -3559,
          3561,
          -3563,
          3565,
          -3566,
          3569,
          3572,
          3574,
          3577,
          -3578,
          3580,
          -3584,
          3586,
          3588,
          -3590,
          3592,
          -3594,
          3596,
          3598,
          3600,
          -3602,
          3604,
          3606,
          -3607,
          3611,
          -3616,
          3618,
          -3627,
          3630,
          3632,
          -3635,
          3637,
          3639,
          -3641,
          3643,
          -3647,
          3649,
          -3650,
          3652,
          3654,
          -3659,
          3661,
          3663,
          -3665,
          3669,
          -3679,
          3681,
          -3684,
          3686,
          -3689,
          3695,
          -3696,
          3698,
          -3703,
          3705,
          3707,
          -3709,
          3711,
          3714,
          -3721,
          3723,
          -3724,
          3728,
          -3731,
          3733,
          -3734,
          3736,
          -3738,
          3740,
          3742,
          -3743,
          3747,
          -3749,
          3751,
          -3752,
          3754,
          3756,
          -3757,
          3759,
          -3765,
          3769,
          -3773,
          3775,
          -3779,
          3782,
          -3783,
          3786,
          -3788,
          3790,
          3792,
          -3795,
          3797,
          3800,
          -3806,
          3808,
          -3813,
          3815,
          3818,
          3822,
          -3823,
          3825,
          3827,
          3829,
          3831,
          -3833,
          3836,
          3838,
          -3839,
          3841,
          3843,
          -3847,
          3849,
          -3851,
          3855,
          3857,
          -3858,
          3860,
          -3861,
          3863,
          3865,
          3867,
          -3869,
          3871,
          -3872,
          3875,
          -3891,
          3893,
          -3898,
          3900,
          -3902,
          3904,
          -3907,
          3909,
          -3913,
          3915,
          -3921,
          3923,
          -3931,
          3933,
          -3941,
          3943,
          -3944,
          3946,
          -3950,
          3952,
          3954,
          -3959,
          3961,
          -3971,
          3973,
          -3974,
          3976,
          -3978,
          3980,
          -3994,
          3996,
          -4012,
          4014,
          -4017,
          4019,
          -4032,
          4034,
          -4044,
          4046,
          -4057,
          4059,
          4061,
          4064,
          -4071,
          4074,
          -4082,
          4084,
          -4103,
          4106,
          4108,
          -4115,
          4117,
          -4126,
          4128,
          -4131,
          4133,
          -4137,
          4140,
          -4143,
          4145,
          -4147,
          4151,
          4153,
          -4157,
          4160,
          -4163,
          4165,
          -4167,
          4170,
          -4172,
          4174,
          -4177,
          4179,
          -4186,
          4190,
          4192,
          -4209,
          4212,
          -4216,
          4218,
          -4220,
          4222,
          -4224,
          4226,
          -4228,
          4230,
          -4235,
          4238,
          -4242,
          4244,
          -4248,
          4250,
          -4253,
          4255,
          -4268,
          4270,
          -4271,
          4273,
          -4274,
          4276,
          4278,
          -4286,
          4288,
          4290,
          -4295,
          4297,
          -4310,
          4313,
          -4314,
          4317,
          -4320,
          4324,
          -4331,
          4333,
          -4335,
          4338,
          -4340,
          4343,
          4345,
          -4348,
          4350,
          4353,
          -4357,
          4359,
          -4363,
          4365,
          -4368,
          4371,
          -4373,
          4376,
          4379,
          4381,
          4384,
          -4385,
          4387,
          -4391,
          4393,
          -4395,
          4397,
          4399,
          -4400,
          4403,
          -4406,
          4409,
          -4413,
          4417,
          -4419,
          4421,
          -4423,
          4425,
          -4426,
          4429,
          -4439,
          4441,
          4443,
          4447,
          -4458,
          4460,
          -4461,
          4463,
          -4466,
          4468,
          -4481,
          4483,
          4486,
          -4491,
          4494,
          -4498,
          4500,
          -4504,
          4507,
          4509,
          -4510,
          4512,
          4514,
          -4515,
          4517,
          -4518,
          4520,
          -4529,
          4531,
          -4533,
          4535,
          -4538,
          4540,
          4542,
          -4545,
          4547,
          -4557,
          4560,
          4563,
          -4564,
          4566,
          -4570,
          4572,
          4574,
          4576,
          4578,
          -4582,
          4584,
          -4587,
          4589,
          -4594,
          4596,
          -4603,
          4605,
          -4606,
          4608,
          -4610,
          4612,
          4615,
          -4619,
          4621,
          -4626,
          4629,
          -4631,
          4637,
          -4638,
          4640,
          -4645,
          4647,
          4649,
          -4650,
          4652,
          -4661,
          4663,
          -4665,
          4667,
          -4669,
          4671,
          -4678,
          4680,
          -4686,
          4688,
          -4689,
          4691,
          -4706,
          4708,
          -4728,
          4730,
          -4731
        ],
        1
      ]
    },
    "SHOULD_DELETE":{
      "runs_and_values":[
        [
          209,
          2901,
          2909,
          2993,
          2997,
          3298,
          3366,
          3414,
          3426,
          3430,
          3452,
          3457,
          3467,
          3475,
          3477,
          3497,
          3513,
          3533,
          3535,
          3538,
          3555,
          3584,
          3613,
          -3614,
          3619,
          3634,
          3640,
          -3641,
          3643,
          3663,
          -3664,
          3676,
          3678,
          3763,
          3770,
          3776,
          3886,
          4093,
          4125,
          4284,
          4293,
          4688
        ],
        true
      ]
    }
  },
  "schema":{
    "display_name":"Schema",
    "description":"The Schema describing the layout of the 3LC object",
    "values":{
      "type":{
        "display_name":"Type",
        "description":"The type name of the class",
        "writable":false,
        "value":{
          "type":"string",
          "string_role":"ObjectType"
        }
      },
      "schema":{
        "display_name":"Schema",
        "description":"The Schema object format",
        "value":{
          "type":"dict"
        }
      },
      "created":{
        "display_name":"Created",
        "description":"The datetime of the object creation",
        "value":{
          "type":"string",
          "string_role":"Datetime"
        }
      },
      "serialization_version":{
        "display_name":"Version",
        "description":"The serialization version of the object",
        "value":{
          "type":"string",
          "string_role":"Version"
        }
      },
      "transaction_id":{
        "display_name":"Transaction ID",
        "description":"The transaction associated with this object",
        "writable":false,
        "default_visible":false,
        "value":{
          "type":"string"
        }
      },
      "is_url_writable":{
        "display_name":"Is URL writable",
        "description":"Whether the URL where the object is stored is writable.",
        "writable":false,
        "display_importance":-1,
        "transient":true,
        "default_visible":false,
        "value":{
          "type":"bool"
        }
      },
      "row_cache_url":{
        "display_name":"Row cache URL",
        "description":"An optional URL referring to a cached version of all rows within this table",
        "writable":false,
        "value":{
          "type":"string",
          "string_role":"URL"
        }
      },
      "row_cache_populated":{
        "display_name":"Row cache populated",
        "description":"Whether 'row_cache_url' refers to a cached version of all rows within this table",
        "writable":false,
        "value":{
          "type":"bool"
        }
      },
      "dataset_name":{
        "display_name":"Dataset name",
        "description":"The name of the dataset that this table belongs to",
        "writable":false,
        "display_importance":399,
        "transient":true,
        "value":{
          "type":"string"
        }
      },
      "project_name":{
        "display_name":"Project name",
        "description":"The name of the project that this table belongs to",
        "writable":false,
        "display_importance":400,
        "transient":true,
        "value":{
          "type":"string"
        }
      },
      "override_table_rows_schema":{
        "display_name":"Override Schema",
        "description":"A schema describing potentially sparse overrides for the base schema",
        "value":{
          "type":"dict"
        }
      },
      "row_count":{
        "display_name":"Row count",
        "description":"The number of rows within this table (if known).",
        "writable":false,
        "value":{
          "type":"int32",
          "min":-1,
          "max":1000000000,
          "enforce_min":true,
          "map":{
            "-1.0":{
              "internal_name":"Unknown",
              "display_name":"(Unknown)",
              "description":"The table hasn't produced its rows yet, and so the row count is still unknown",
              "display_color":"#c06060"
            }
          }
        }
      },
      "description":{
        "display_name":"Description",
        "display_importance":-1,
        "value":{
          "type":"string"
        }
      },
      "input_tables":{
        "display_name":"Input Tables",
        "description":"Which input tables have been used to produce the table.",
        "writable":false,
        "size0":{
          "type":"int32",
          "min":0,
          "max":1000,
          "enforce_min":true
        },
        "value":{
          "type":"string",
          "string_role":"URL/Table"
        }
      },
      "input_table_url":{
        "value":{
          "type":"string",
          "string_role":"URL/Table"
        }
      },
      "edits":{
        "display_name":"Edit schema",
        "description":"Schema for the 'edits' property",
        "value":{
          "type":"dict"
        }
      },
      "rows":{
        "display_name":"Table rows",
        "description":"A property containing the table rows within this Parquet table",
        "writable":false,
        "size0":{
          "type":"int32",
          "min":0,
          "max":1000000000,
          "enforce_min":true,
          "number_role":"table_row_index",
          "display_name":"Table row"
        },
        "values":{
          "id":{
            "writable":false,
            "value":{
              "type":"int32"
            }
          },
          "image":{
            "sample_type":"image_path",
            "value":{
              "type":"string",
              "string_role":"URL/Image"
            }
          },
          "label":{
            "sample_type":"categorical_label",
            "value":{
              "type":"int32",
              "min":0,
              "max":2,
              "number_role":"label",
              "map":{
                "0.0":{
                  "internal_name":"chihuahua"
                },
                "1.0":{
                  "internal_name":"muffin"
                },
                "2.0":{
                  "internal_name":"undefined"
                }
              }
            }
          },
          "weight":{
            "display_name":"Weight",
            "description":"The weights of the samples in this table.",
            "sample_type":"hidden",
            "value":{
              "default_value":1.0,
              "min":0,
              "enforce_min":true,
              "number_role":"sample_weight"
            }
          }
        }
      }
    }
  }
}