{
  "type":"EditedTable",
  "created":"Thu, 20 Nov 2025 06:23:37 GMT",
  "serialization_version":"1",
  "transaction_id":"4b01bc4f6e99e806c51e5c78948f6bd787e025554acf0f9b447f26b1f4cdae31",
  "row_cache_populated":false,
  "override_table_rows_schema":{},
  "row_count":4512,
  "input_table_url":"../SetLabelIn9RowsTo0",
  "edits":{
    "label":{
      "runs_and_values":[
        [
          203,
          211,
          216,
          -217,
          219,
          227,
          256,
          258,
          264,
          273,
          277,
          301,
          309,
          314,
          318,
          323,
          -325,
          337,
          341,
          343,
          347,
          355,
          -356,
          373,
          380,
          390,
          393,
          402,
          404,
          411,
          416,
          -417,
          419,
          -421,
          427,
          447,
          452,
          -453,
          463,
          467,
          469,
          472,
          476,
          482,
          485,
          491,
          -492,
          496,
          500,
          502,
          -505,
          509,
          -511,
          519,
          521,
          524,
          526,
          528,
          -529,
          531,
          533,
          -534,
          536,
          539,
          541,
          -543,
          547,
          555,
          609,
          624,
          630,
          633,
          659,
          -660,
          662,
          668,
          671,
          683,
          697,
          700,
          711,
          713,
          715,
          718,
          721,
          724,
          727,
          736,
          741,
          744,
          747,
          749,
          754,
          -756,
          759,
          764,
          769,
          -770,
          772,
          774,
          776,
          -779,
          782,
          786,
          792,
          796,
          -797,
          799,
          804,
          811,
          819,
          821,
          -822,
          827,
          -828,
          834,
          -836,
          843,
          846,
          848,
          850,
          852,
          854,
          -859,
          865,
          869,
          876,
          878,
          882,
          884,
          888,
          -890,
          894,
          -896,
          898,
          -899,
          901,
          -903,
          906,
          909,
          916,
          920,
          -921,
          923,
          925,
          929,
          948,
          -951,
          953,
          955,
          958,
          963,
          965,
          970,
          983,
          -985,
          988,
          992,
          -993,
          996,
          1001,
          -1002,
          1010,
          1013,
          -1015,
          1018,
          1021,
          -1022,
          1028,
          -1029,
          1031,
          1035,
          1037,
          -1038,
          1041,
          1043,
          1046,
          1048,
          -1050,
          1052,
          1055,
          1057,
          -1058,
          1061,
          1063,
          1065,
          1067,
          -1069,
          1077,
          1082,
          -1083,
          1088,
          1091,
          -1092,
          1098,
          -1099,
          1102,
          1104,
          -1106,
          1111,
          -1113,
          1119,
          -1121,
          1128,
          1131,
          -1132,
          1136,
          -1137,
          1139,
          -1142,
          1144,
          -1146,
          1149,
          -1151,
          1157,
          -1159,
          1163,
          1167,
          1171,
          -1178,
          1183,
          1195,
          1197,
          1200,
          -1201,
          1204,
          -1205,
          1207,
          -1209,
          1213,
          1216,
          -1217,
          1220,
          -1222,
          1227,
          1230,
          1232,
          1234,
          -1236,
          1244,
          1246,
          -1247,
          1249,
          -1250,
          1254,
          -1257,
          1259,
          1261,
          1264,
          1267,
          1272,
          1275,
          -1282,
          1284,
          1287,
          -1290,
          1292,
          -1296,
          1304,
          1306,
          -1310,
          1318,
          -1319,
          1321,
          1326,
          -1327,
          1329,
          1332,
          -1333,
          1335,
          -1338,
          1341,
          1346,
          1348,
          1350,
          1352,
          -1353,
          1355,
          1357,
          -1359,
          1361,
          -1364,
          1366,
          -1368,
          1370,
          -1371,
          1373,
          1375,
          1378,
          -1380,
          1382,
          -1383,
          1385,
          -1386,
          1389,
          -1392,
          1394,
          1397,
          -1400,
          1402,
          -1403,
          1406,
          1410,
          1412,
          -1415,
          1417,
          1420,
          -1422,
          1424,
          -1426,
          1428,
          -1430,
          1433,
          -1434,
          1437,
          -1439,
          1441,
          1443,
          -1444,
          1446,
          1451,
          -1453,
          1455,
          1459,
          -1462,
          1464,
          -1465,
          1467,
          -1468,
          1472,
          1474,
          1478,
          1480,
          -1482,
          1484,
          1486,
          -1488,
          1491,
          1493,
          -1494,
          1496,
          1501,
          1505,
          -1507,
          1513,
          -1514,
          1518,
          1520,
          -1521,
          1524,
          -1525,
          1529,
          -1532,
          1534,
          1536,
          1540,
          -1544,
          1546,
          1548,
          -1552,
          1555,
          -1557,
          1559,
          -1560,
          1565,
          1567,
          -1571,
          1573,
          -1575,
          1578,
          -1579,
          1583,
          -1591,
          1595,
          -1596,
          1599,
          1605,
          -1607,
          1609,
          -1610,
          1615,
          -1618,
          1620,
          -1621,
          1623,
          -1624,
          1626,
          -1628,
          1630,
          1634,
          -1638,
          1640,
          -1642,
          1644,
          -1645,
          1648,
          -1649,
          1654,
          -1657,
          1661,
          1663,
          -1666,
          1671,
          -1672,
          1674,
          -1676,
          1678,
          -1679,
          1681,
          1683,
          1686,
          1688,
          1691,
          -1692,
          1694,
          1696,
          1698,
          1700,
          -1704,
          1706,
          -1710,
          1712,
          -1714,
          1716,
          1720,
          1722,
          -1729,
          1731,
          -1732,
          1734,
          1737,
          -1738,
          1741,
          1744,
          1746,
          -1748,
          1752,
          -1755,
          1757,
          1761,
          1763,
          -1765,
          1767,
          -1770,
          1774,
          1777,
          1780,
          -1781,
          1783,
          -1785,
          1789,
          -1790,
          1792,
          1794,
          -1796,
          1798,
          1800,
          1802,
          -1803,
          1805,
          1808,
          -1813,
          1815,
          -1817,
          1819,
          1821,
          1823,
          1825,
          -1826,
          1828,
          -1833,
          1835,
          -1841,
          1844,
          -1846,
          1848,
          1851,
          1853,
          -1854,
          1857,
          -1860,
          1862,
          -1864,
          1866,
          -1867,
          1869,
          -1870,
          1874,
          1876,
          -1878,
          1881,
          -1883,
          1886,
          -1887,
          1889,
          -1892,
          1894,
          -1897,
          1900,
          1902,
          1908,
          1910,
          1913,
          -1914,
          1918,
          -1924,
          1927,
          1929,
          -1930,
          1932,
          -1938,
          1943,
          -1945,
          1947,
          -1948,
          1951,
          -1952,
          1954,
          1956,
          -1957,
          1959,
          -1963,
          1965,
          -1966,
          1969,
          -1970,
          1972,
          -1974,
          1976,
          1978,
          -1979,
          1981,
          1985,
          -1986,
          1988,
          -1992,
          1994,
          -1995,
          1997,
          1999,
          -2004,
          2006,
          2010,
          -2013,
          2015,
          2017,
          -2019,
          2022,
          2024,
          2026,
          -2030,
          2032,
          2036,
          -2037,
          2039,
          -2044,
          2046,
          -2050,
          2052,
          -2058,
          2061,
          2063,
          -2066,
          2069,
          -2070,
          2073,
          2076,
          2078,
          -2082,
          2084,
          2086,
          -2091,
          2095,
          -2100,
          2102,
          -2105,
          2107,
          -2108,
          2110,
          -2112,
          2117,
          2121,
          -2123,
          2125,
          -2126,
          2128,
          -2129,
          2131,
          -2134,
          2137,
          -2138,
          2141,
          2143,
          -2147,
          2150,
          -2153,
          2157,
          2160,
          -2163,
          2165,
          -2166,
          2168,
          -2172,
          2174,
          -2175,
          2178,
          -2180,
          2187,
          -2188,
          2190,
          -2193,
          2195,
          -2196,
          2198,
          -2201,
          2205,
          -2208,
          2211,
          2213,
          2216,
          -2219,
          2221,
          2224,
          2227,
          2229,
          2231,
          -2233,
          2235,
          -2238,
          2240,
          -2244,
          2246,
          -2252,
          2254,
          -2255,
          2257,
          2259,
          2261,
          -2262,
          2269,
          -2271,
          2274,
          -2276,
          2280,
          2283,
          2288,
          -2289,
          2291,
          -2293,
          2297,
          2300,
          2302,
          2304,
          2316,
          2321,
          -2323,
          2326,
          2328,
          2330,
          -2331,
          2337,
          2342,
          2344,
          -2349,
          2352,
          -2354,
          2356,
          2359,
          2361,
          -2362,
          2367,
          2371,
          2375,
          2381,
          -2382,
          2384,
          2387,
          -2389,
          2391,
          -2392,
          2399,
          2403,
          -2407,
          2411,
          2413,
          2415,
          -2416,
          2419,
          2422,
          2428,
          -2430,
          2433,
          -2434,
          2436,
          2441,
          2443,
          -2444,
          2447,
          2451,
          2454,
          -2465,
          2467,
          -2471,
          2473,
          2477,
          2480,
          -2481,
          2484,
          -2488,
          2493,
          2496,
          -2497,
          2500,
          -2501,
          2503,
          2511,
          -2515,
          2517,
          -2518,
          2523,
          2526,
          -2527,
          2529,
          -2531,
          2535,
          2538,
          2540,
          -2541,
          2546,
          2548,
          -2550,
          2553,
          2556,
          -2559,
          2565,
          2569,
          -2571,
          2573,
          2575,
          2579,
          -2580,
          2582,
          2585,
          2587,
          -2599,
          2601,
          2603,
          -2606,
          2608,
          -2609,
          2611,
          -2612,
          2614,
          2616,
          -2618,
          2623,
          -2625,
          2630,
          -2631,
          2634,
          2636
        ],
        0
      ]
    },
    "SHOULD_DELETE":{
      "runs_and_values":[
        [
          200,
          208,
          212,
          218,
          221,
          236,
          -237,
          247,
          263,
          266,
          270,
          278,
          289,
          294,
          307,
          312,
          315,
          -316,
          320,
          -321,
          334,
          -335,
          353,
          -354,
          361,
          370,
          -371,
          385,
          392,
          397,
          399,
          403,
          408,
          -409,
          415,
          425,
          -426,
          431,
          434,
          442,
          444,
          494,
          497,
          501,
          507,
          514,
          530,
          532,
          535,
          544,
          565,
          570,
          598,
          620,
          623,
          626,
          628,
          638,
          642,
          646,
          653,
          664,
          -665,
          677,
          686,
          -687,
          689,
          695,
          701,
          703,
          722,
          -723,
          728,
          731,
          733,
          -735,
          739,
          742,
          -743,
          750,
          -751,
          753,
          761,
          -763,
          765,
          767,
          773,
          781,
          791,
          793,
          795,
          798,
          801,
          803,
          809,
          -810,
          812,
          825,
          837,
          842,
          851,
          860,
          867,
          872,
          874,
          -875,
          887,
          891,
          893,
          917,
          -919,
          922,
          927,
          932,
          -933,
          937,
          -938,
          940,
          943,
          945,
          954,
          956,
          962,
          968,
          972,
          975,
          -976,
          978,
          981,
          989,
          991,
          994,
          -995,
          1000,
          1003,
          -1004,
          1017,
          1040,
          1047,
          1056,
          1060,
          1064,
          1066,
          1072,
          1079,
          -1080,
          1086,
          -1087,
          1093,
          -1094,
          1096,
          -1097,
          1103,
          1107,
          -1110,
          1114,
          1116,
          -1117,
          1124,
          1135,
          1154,
          1161,
          1179,
          1182,
          1188,
          1192,
          1194,
          1202,
          1206,
          1212,
          1215,
          1218,
          -1219,
          1223,
          1225,
          -1226,
          1237,
          1239,
          1241,
          1245,
          1270,
          1334,
          1418,
          1604,
          1633,
          1669,
          1911,
          2009,
          2020,
          2075,
          2115,
          2118,
          2127,
          2135
        ],
        true
      ]
    }
  },
  "schema":{
    "display_name":"Schema",
    "description":"The Schema describing the layout of the 3LC object",
    "values":{
      "type":{
        "display_name":"Type",
        "description":"The type name of the class",
        "writable":false,
        "value":{
          "type":"string",
          "string_role":"ObjectType"
        }
      },
      "schema":{
        "display_name":"Schema",
        "description":"The Schema object format",
        "value":{
          "type":"dict"
        }
      },
      "created":{
        "display_name":"Created",
        "description":"The datetime of the object creation",
        "value":{
          "type":"string",
          "string_role":"Datetime"
        }
      },
      "serialization_version":{
        "display_name":"Version",
        "description":"The serialization version of the object",
        "value":{
          "type":"string",
          "string_role":"Version"
        }
      },
      "transaction_id":{
        "display_name":"Transaction ID",
        "description":"The transaction associated with this object",
        "writable":false,
        "default_visible":false,
        "value":{
          "type":"string"
        }
      },
      "is_url_writable":{
        "display_name":"Is URL writable",
        "description":"Whether the URL where the object is stored is writable.",
        "writable":false,
        "display_importance":-1,
        "transient":true,
        "default_visible":false,
        "value":{
          "type":"bool"
        }
      },
      "row_cache_url":{
        "display_name":"Row cache URL",
        "description":"An optional URL referring to a cached version of all rows within this table",
        "writable":false,
        "value":{
          "type":"string",
          "string_role":"URL"
        }
      },
      "row_cache_populated":{
        "display_name":"Row cache populated",
        "description":"Whether 'row_cache_url' refers to a cached version of all rows within this table",
        "writable":false,
        "value":{
          "type":"bool"
        }
      },
      "dataset_name":{
        "display_name":"Dataset name",
        "description":"The name of the dataset that this table belongs to",
        "writable":false,
        "display_importance":399,
        "transient":true,
        "value":{
          "type":"string"
        }
      },
      "project_name":{
        "display_name":"Project name",
        "description":"The name of the project that this table belongs to",
        "writable":false,
        "display_importance":400,
        "transient":true,
        "value":{
          "type":"string"
        }
      },
      "override_table_rows_schema":{
        "display_name":"Override Schema",
        "description":"A schema describing potentially sparse overrides for the base schema",
        "value":{
          "type":"dict"
        }
      },
      "row_count":{
        "display_name":"Row count",
        "description":"The number of rows within this table (if known).",
        "writable":false,
        "value":{
          "type":"int32",
          "min":-1,
          "max":1000000000,
          "enforce_min":true,
          "map":{
            "-1.0":{
              "internal_name":"Unknown",
              "display_name":"(Unknown)",
              "description":"The table hasn't produced its rows yet, and so the row count is still unknown",
              "display_color":"#c06060"
            }
          }
        }
      },
      "description":{
        "display_name":"Description",
        "display_importance":-1,
        "value":{
          "type":"string"
        }
      },
      "input_tables":{
        "display_name":"Input Tables",
        "description":"Which input tables have been used to produce the table.",
        "writable":false,
        "size0":{
          "type":"int32",
          "min":0,
          "max":1000,
          "enforce_min":true
        },
        "value":{
          "type":"string",
          "string_role":"URL/Table"
        }
      },
      "input_table_url":{
        "value":{
          "type":"string",
          "string_role":"URL/Table"
        }
      },
      "edits":{
        "display_name":"Edit schema",
        "description":"Schema for the 'edits' property",
        "value":{
          "type":"dict"
        }
      },
      "rows":{
        "display_name":"Table rows",
        "description":"A property containing the table rows within this Parquet table",
        "writable":false,
        "size0":{
          "type":"int32",
          "min":0,
          "max":1000000000,
          "enforce_min":true,
          "number_role":"table_row_index",
          "display_name":"Table row"
        },
        "values":{
          "id":{
            "writable":false,
            "value":{
              "type":"int32"
            }
          },
          "image":{
            "sample_type":"image_path",
            "value":{
              "type":"string",
              "string_role":"URL/Image"
            }
          },
          "label":{
            "sample_type":"categorical_label",
            "value":{
              "type":"int32",
              "min":0,
              "max":2,
              "number_role":"label",
              "map":{
                "0.0":{
                  "internal_name":"chihuahua"
                },
                "1.0":{
                  "internal_name":"muffin"
                },
                "2.0":{
                  "internal_name":"undefined"
                }
              }
            }
          },
          "weight":{
            "display_name":"Weight",
            "description":"The weights of the samples in this table.",
            "sample_type":"hidden",
            "value":{
              "default_value":1.0,
              "min":0,
              "enforce_min":true,
              "number_role":"sample_weight"
            }
          }
        }
      }
    }
  }
}