{
  "type":"EditedTable",
  "created":"Thu, 20 Nov 2025 23:07:03 GMT",
  "serialization_version":"1",
  "transaction_id":"b58db12d56e0bc23ab093e4c0b9e7a9f4959475a13f53387de297476d84bb039",
  "row_cache_populated":false,
  "override_table_rows_schema":{},
  "row_count":4523,
  "input_table_url":"../DeleteX45Set342PropertiesIn342RowsTo3Values",
  "edits":{
    "SHOULD_DELETE":{
      "runs_and_values":[
        [
          363,
          365,
          475,
          485,
          505,
          512,
          623,
          725,
          3498,
          3515,
          3530,
          3584,
          3624,
          3650,
          4174,
          4361,
          4373,
          4471
        ],
        true
      ]
    },
    "weight":{
      "runs_and_values":[
        [
          348,
          358,
          363,
          365,
          374,
          385,
          396,
          423,
          428,
          434,
          448,
          453,
          475,
          485,
          505,
          512,
          544,
          617,
          623,
          631,
          725,
          1831,
          -1834,
          1836,
          1838,
          -1845,
          3133,
          3226,
          3299,
          3304,
          3317,
          3320,
          3326,
          3340,
          3345,
          3368,
          3405,
          3426,
          3451,
          3473,
          3498,
          3514,
          -3515,
          3530,
          3541,
          3584,
          3592,
          3620,
          3624,
          3633,
          3650,
          3658,
          3672,
          3674,
          3723,
          3752,
          3775,
          3802,
          3805,
          3890,
          3912,
          3985,
          3999,
          4098,
          4114,
          4135,
          4174,
          4200,
          4206,
          4212,
          4239,
          4276,
          4284,
          4334,
          4356,
          4361,
          4373,
          4375,
          4379,
          4387,
          4400,
          4424,
          4439,
          4460,
          4471,
          4496
        ],
        1
      ]
    },
    "label":{
      "runs_and_values":[
        [
          348,
          358,
          374,
          385,
          396,
          423,
          428,
          434,
          448,
          453,
          544,
          617,
          631,
          1831,
          -1834,
          1836,
          1838,
          -1845,
          4375,
          4424
        ],
        0,
        [
          3133,
          3226,
          3299,
          3304,
          3317,
          3320,
          3326,
          3340,
          3345,
          3368,
          3405,
          3426,
          3451,
          3473,
          3514,
          3541,
          3592,
          3620,
          3633,
          3658,
          3672,
          3674,
          3723,
          3752,
          3775,
          3802,
          3805,
          3890,
          3912,
          3985,
          3999,
          4098,
          4114,
          4135,
          4200,
          4206,
          4212,
          4239,
          4276,
          4284,
          4334,
          4356,
          4379,
          4387,
          4400,
          4439,
          4460,
          4496
        ],
        1
      ]
    }
  },
  "schema":{
    "display_name":"Schema",
    "description":"The Schema describing the layout of the 3LC object",
    "values":{
      "type":{
        "display_name":"Type",
        "description":"The type name of the class",
        "writable":false,
        "value":{
          "type":"string",
          "string_role":"ObjectType"
        }
      },
      "schema":{
        "display_name":"Schema",
        "description":"The Schema object format",
        "value":{
          "type":"dict"
        }
      },
      "created":{
        "display_name":"Created",
        "description":"The datetime of the object creation",
        "value":{
          "type":"string",
          "string_role":"Datetime"
        }
      },
      "serialization_version":{
        "display_name":"Version",
        "description":"The serialization version of the object",
        "value":{
          "type":"string",
          "string_role":"Version"
        }
      },
      "transaction_id":{
        "display_name":"Transaction ID",
        "description":"The transaction associated with this object",
        "writable":false,
        "default_visible":false,
        "value":{
          "type":"string"
        }
      },
      "is_url_writable":{
        "display_name":"Is URL writable",
        "description":"Whether the URL where the object is stored is writable.",
        "writable":false,
        "display_importance":-1,
        "transient":true,
        "default_visible":false,
        "value":{
          "type":"bool"
        }
      },
      "row_cache_url":{
        "display_name":"Row cache URL",
        "description":"An optional URL referring to a cached version of all rows within this table",
        "writable":false,
        "value":{
          "type":"string",
          "string_role":"URL"
        }
      },
      "row_cache_populated":{
        "display_name":"Row cache populated",
        "description":"Whether 'row_cache_url' refers to a cached version of all rows within this table",
        "writable":false,
        "value":{
          "type":"bool"
        }
      },
      "dataset_name":{
        "display_name":"Dataset name",
        "description":"The name of the dataset that this table belongs to",
        "writable":false,
        "display_importance":399,
        "transient":true,
        "value":{
          "type":"string"
        }
      },
      "project_name":{
        "display_name":"Project name",
        "description":"The name of the project that this table belongs to",
        "writable":false,
        "display_importance":400,
        "transient":true,
        "value":{
          "type":"string"
        }
      },
      "override_table_rows_schema":{
        "display_name":"Override Schema",
        "description":"A schema describing potentially sparse overrides for the base schema",
        "value":{
          "type":"dict"
        }
      },
      "row_count":{
        "display_name":"Row count",
        "description":"The number of rows within this table (if known).",
        "writable":false,
        "value":{
          "type":"int32",
          "min":-1,
          "max":1000000000,
          "enforce_min":true,
          "map":{
            "-1.0":{
              "internal_name":"Unknown",
              "display_name":"(Unknown)",
              "description":"The table hasn't produced its rows yet, and so the row count is still unknown",
              "display_color":"#c06060"
            }
          }
        }
      },
      "description":{
        "display_name":"Description",
        "display_importance":-1,
        "value":{
          "type":"string"
        }
      },
      "input_tables":{
        "display_name":"Input Tables",
        "description":"Which input tables have been used to produce the table.",
        "writable":false,
        "size0":{
          "type":"int32",
          "min":0,
          "max":1000,
          "enforce_min":true
        },
        "value":{
          "type":"string",
          "string_role":"URL/Table"
        }
      },
      "input_table_url":{
        "value":{
          "type":"string",
          "string_role":"URL/Table"
        }
      },
      "edits":{
        "display_name":"Edit schema",
        "description":"Schema for the 'edits' property",
        "value":{
          "type":"dict"
        }
      },
      "rows":{
        "display_name":"Table rows",
        "description":"A property containing the table rows within this Parquet table",
        "writable":false,
        "size0":{
          "type":"int32",
          "min":0,
          "max":1000000000,
          "enforce_min":true,
          "number_role":"table_row_index",
          "display_name":"Table row"
        },
        "values":{
          "id":{
            "writable":false,
            "value":{
              "type":"int32"
            }
          },
          "image":{
            "sample_type":"image_path",
            "value":{
              "type":"string",
              "string_role":"URL/Image"
            }
          },
          "label":{
            "sample_type":"categorical_label",
            "value":{
              "type":"int32",
              "min":0,
              "max":2,
              "number_role":"label",
              "map":{
                "0.0":{
                  "internal_name":"chihuahua"
                },
                "1.0":{
                  "internal_name":"muffin"
                },
                "2.0":{
                  "internal_name":"undefined"
                }
              }
            }
          },
          "weight":{
            "display_name":"Weight",
            "description":"The weights of the samples in this table.",
            "sample_type":"hidden",
            "value":{
              "default_value":1.0,
              "min":0,
              "enforce_min":true,
              "number_role":"sample_weight"
            }
          }
        }
      }
    }
  }
}