{
  "type":"EditedTable",
  "created":"Thu, 20 Nov 2025 16:14:15 GMT",
  "serialization_version":"1",
  "transaction_id":"17051f375a18cb462550e9c5fe1bde9f482ddc672885480b2b76f48206711318",
  "row_cache_populated":false,
  "override_table_rows_schema":{},
  "row_count":4677,
  "input_table_url":"../Set4PropertiesIn4RowsTo3Values",
  "edits":{
    "label":{
      "runs_and_values":[
        [
          223,
          226,
          -248,
          250,
          -252,
          255,
          -261,
          263,
          267,
          277,
          290,
          299,
          303,
          310,
          313,
          322,
          327,
          331,
          340,
          346,
          360,
          369,
          396,
          405,
          407,
          410,
          417,
          430,
          433,
          446,
          468,
          470,
          -471,
          474,
          478,
          486,
          -487,
          489,
          497,
          499,
          538,
          567,
          596,
          604,
          617,
          -618,
          621,
          639,
          -640,
          650,
          675,
          -676,
          679,
          707,
          726,
          730,
          740,
          745,
          748,
          752,
          758,
          776,
          780,
          793,
          803,
          811,
          813,
          817,
          832,
          873,
          877,
          882,
          900,
          905,
          918,
          930,
          933,
          955,
          959,
          -960,
          962,
          968,
          -969,
          974,
          978,
          982,
          984,
          986,
          1005,
          1012,
          1017,
          1019,
          1029,
          1039,
          1043,
          1045,
          1055,
          1059,
          1071,
          1079,
          1083,
          -1084,
          1090,
          1126,
          1133,
          1149,
          1152,
          -1153,
          1172,
          1176,
          1184,
          1205,
          1209,
          1211,
          1214,
          1229,
          -1231,
          1242,
          1250,
          -1251,
          1308,
          1320,
          1325,
          1329,
          1331,
          1338,
          1344,
          1366,
          1369,
          1381,
          1387,
          1410,
          1419,
          1431,
          1444,
          1467,
          1469,
          1471,
          1473,
          1484,
          1495,
          1501,
          1519,
          1523,
          1533,
          1558,
          1569,
          1592,
          1594,
          1607,
          1612,
          1620,
          1651,
          1667,
          1680,
          1689,
          1718,
          -1719,
          1723,
          1736,
          1743,
          1750,
          1758,
          2442,
          2450,
          2459,
          2472,
          2475,
          2484,
          -2485,
          2495,
          2530,
          2534,
          2537,
          2539,
          2543,
          2545,
          2551,
          2555,
          2562,
          -2564,
          2573,
          2627,
          2632,
          -2633,
          2641,
          2654,
          2783,
          2794
        ],
        0,
        [
          2448,
          2705,
          2864,
          2962,
          2992,
          2995,
          3104,
          3107,
          3112,
          3117,
          3139,
          3242,
          3260,
          3290,
          3315
        ],
        1
      ]
    },
    "weight":{
      "runs_and_values":[
        [
          223,
          226,
          -248,
          250,
          -252,
          255,
          -261,
          263,
          267,
          277,
          279,
          290,
          299,
          303,
          310,
          313,
          322,
          327,
          331,
          340,
          346,
          360,
          369,
          378,
          396,
          405,
          407,
          410,
          417,
          427,
          430,
          433,
          446,
          468,
          470,
          -471,
          474,
          478,
          486,
          -487,
          489,
          497,
          499,
          538,
          567,
          594,
          596,
          604,
          617,
          -618,
          621,
          632,
          639,
          -640,
          643,
          650,
          656,
          675,
          -676,
          679,
          681,
          684,
          707,
          726,
          730,
          740,
          745,
          748,
          752,
          758,
          760,
          764,
          776,
          780,
          793,
          803,
          811,
          813,
          817,
          832,
          -833,
          873,
          877,
          882,
          900,
          905,
          918,
          921,
          930,
          933,
          955,
          959,
          -960,
          962,
          968,
          -969,
          973,
          -974,
          978,
          982,
          984,
          986,
          1005,
          1012,
          1017,
          1019,
          1029,
          1039,
          1043,
          1045,
          1055,
          1059,
          1071,
          1079,
          1083,
          -1084,
          1090,
          1126,
          1133,
          1149,
          1152,
          -1153,
          1172,
          1176,
          1184,
          1205,
          1209,
          1211,
          1214,
          1229,
          -1231,
          1242,
          1250,
          -1251,
          1308,
          1320,
          1325,
          1329,
          1331,
          1338,
          1344,
          1366,
          1369,
          1381,
          1387,
          1410,
          1419,
          1431,
          1444,
          1467,
          1469,
          1471,
          1473,
          1484,
          1495,
          1501,
          1519,
          1523,
          1533,
          1558,
          1569,
          1592,
          1594,
          1607,
          1612,
          1620,
          1651,
          1667,
          1680,
          1689,
          1718,
          -1719,
          1723,
          1736,
          1743,
          1750,
          1758,
          2442,
          2448,
          2450,
          2459,
          2472,
          2475,
          2484,
          -2485,
          2495,
          2530,
          2534,
          2537,
          2539,
          2543,
          2545,
          2551,
          2555,
          2562,
          -2564,
          2573,
          2627,
          2632,
          -2633,
          2641,
          2654,
          2705,
          2783,
          2794,
          2864,
          2962,
          2992,
          2995,
          3104,
          3107,
          3112,
          3117,
          3139,
          3242,
          3260,
          3290,
          3315
        ],
        1
      ]
    },
    "SHOULD_DELETE":{
      "runs_and_values":[
        [
          279,
          378,
          427,
          594,
          632,
          643,
          656,
          681,
          684,
          760,
          764,
          833,
          921,
          973
        ],
        true
      ]
    }
  },
  "schema":{
    "display_name":"Schema",
    "description":"The Schema describing the layout of the 3LC object",
    "values":{
      "type":{
        "display_name":"Type",
        "description":"The type name of the class",
        "writable":false,
        "value":{
          "type":"string",
          "string_role":"ObjectType"
        }
      },
      "schema":{
        "display_name":"Schema",
        "description":"The Schema object format",
        "value":{
          "type":"dict"
        }
      },
      "created":{
        "display_name":"Created",
        "description":"The datetime of the object creation",
        "value":{
          "type":"string",
          "string_role":"Datetime"
        }
      },
      "serialization_version":{
        "display_name":"Version",
        "description":"The serialization version of the object",
        "value":{
          "type":"string",
          "string_role":"Version"
        }
      },
      "transaction_id":{
        "display_name":"Transaction ID",
        "description":"The transaction associated with this object",
        "writable":false,
        "default_visible":false,
        "value":{
          "type":"string"
        }
      },
      "is_url_writable":{
        "display_name":"Is URL writable",
        "description":"Whether the URL where the object is stored is writable.",
        "writable":false,
        "display_importance":-1,
        "transient":true,
        "default_visible":false,
        "value":{
          "type":"bool"
        }
      },
      "row_cache_url":{
        "display_name":"Row cache URL",
        "description":"An optional URL referring to a cached version of all rows within this table",
        "writable":false,
        "value":{
          "type":"string",
          "string_role":"URL"
        }
      },
      "row_cache_populated":{
        "display_name":"Row cache populated",
        "description":"Whether 'row_cache_url' refers to a cached version of all rows within this table",
        "writable":false,
        "value":{
          "type":"bool"
        }
      },
      "dataset_name":{
        "display_name":"Dataset name",
        "description":"The name of the dataset that this table belongs to",
        "writable":false,
        "display_importance":399,
        "transient":true,
        "value":{
          "type":"string"
        }
      },
      "project_name":{
        "display_name":"Project name",
        "description":"The name of the project that this table belongs to",
        "writable":false,
        "display_importance":400,
        "transient":true,
        "value":{
          "type":"string"
        }
      },
      "override_table_rows_schema":{
        "display_name":"Override Schema",
        "description":"A schema describing potentially sparse overrides for the base schema",
        "value":{
          "type":"dict"
        }
      },
      "row_count":{
        "display_name":"Row count",
        "description":"The number of rows within this table (if known).",
        "writable":false,
        "value":{
          "type":"int32",
          "min":-1,
          "max":1000000000,
          "enforce_min":true,
          "map":{
            "-1.0":{
              "internal_name":"Unknown",
              "display_name":"(Unknown)",
              "description":"The table hasn't produced its rows yet, and so the row count is still unknown",
              "display_color":"#c06060"
            }
          }
        }
      },
      "description":{
        "display_name":"Description",
        "display_importance":-1,
        "value":{
          "type":"string"
        }
      },
      "input_tables":{
        "display_name":"Input Tables",
        "description":"Which input tables have been used to produce the table.",
        "writable":false,
        "size0":{
          "type":"int32",
          "min":0,
          "max":1000,
          "enforce_min":true
        },
        "value":{
          "type":"string",
          "string_role":"URL/Table"
        }
      },
      "input_table_url":{
        "value":{
          "type":"string",
          "string_role":"URL/Table"
        }
      },
      "edits":{
        "display_name":"Edit schema",
        "description":"Schema for the 'edits' property",
        "value":{
          "type":"dict"
        }
      },
      "rows":{
        "display_name":"Table rows",
        "description":"A property containing the table rows within this Parquet table",
        "writable":false,
        "size0":{
          "type":"int32",
          "min":0,
          "max":1000000000,
          "enforce_min":true,
          "number_role":"table_row_index",
          "display_name":"Table row"
        },
        "values":{
          "id":{
            "writable":false,
            "value":{
              "type":"int32"
            }
          },
          "image":{
            "sample_type":"image_path",
            "value":{
              "type":"string",
              "string_role":"URL/Image"
            }
          },
          "label":{
            "sample_type":"categorical_label",
            "value":{
              "type":"int32",
              "min":0,
              "max":2,
              "number_role":"label",
              "map":{
                "0.0":{
                  "internal_name":"chihuahua"
                },
                "1.0":{
                  "internal_name":"muffin"
                },
                "2.0":{
                  "internal_name":"undefined"
                }
              }
            }
          },
          "weight":{
            "display_name":"Weight",
            "description":"The weights of the samples in this table.",
            "sample_type":"hidden",
            "value":{
              "default_value":1.0,
              "min":0,
              "enforce_min":true,
              "number_role":"sample_weight"
            }
          }
        }
      }
    }
  }
}