{
  "type":"EditedTable",
  "created":"Thu, 20 Nov 2025 16:53:05 GMT",
  "serialization_version":"1",
  "transaction_id":"6c1940392802d5fae34a9f448547303b819b73856dc6a4a546b91c61f19baba8",
  "row_cache_populated":false,
  "override_table_rows_schema":{},
  "row_count":4639,
  "input_table_url":"../DeleteX14Set247PropertiesIn247RowsTo4Values",
  "edits":{
    "label":{
      "runs_and_values":[
        [
          249,
          254,
          262,
          264,
          -266,
          268,
          -270,
          272,
          -276,
          278,
          -282,
          284,
          -288,
          290,
          -293,
          295,
          -297,
          299,
          301,
          303,
          -306,
          308,
          310,
          -311,
          313,
          -315,
          317,
          -318,
          322,
          -325,
          327,
          329,
          331,
          -334,
          337,
          -338,
          340,
          -344,
          346,
          382,
          388,
          395,
          418,
          507,
          516,
          523,
          548,
          554,
          578,
          -582,
          584,
          -591,
          593,
          -599,
          601,
          -606,
          608,
          -610,
          612,
          615,
          -616,
          618,
          -624,
          627,
          629,
          632,
          636,
          639,
          -640,
          642,
          645,
          -646,
          648,
          652,
          -656,
          660,
          662,
          -665,
          667,
          670,
          -671,
          673,
          -686,
          691,
          -693,
          695,
          699,
          701,
          -705,
          710,
          746,
          807,
          815,
          -816,
          829,
          -831,
          833,
          835,
          837,
          839,
          -840,
          844,
          -845,
          847,
          -848,
          850,
          852,
          854,
          -859,
          862,
          864,
          866,
          -868,
          871,
          873,
          -874,
          876,
          878,
          -879,
          885,
          897,
          908,
          910,
          913,
          915,
          924,
          944,
          957,
          1009,
          1011,
          1030,
          1033,
          1053,
          1101,
          1122,
          1166,
          1192,
          -1193,
          1224,
          1233,
          1238,
          1260,
          1271,
          1283,
          1298,
          -1299,
          1301,
          1303,
          1313,
          1339,
          1345,
          1374,
          1376,
          1384,
          1395,
          1408,
          1440,
          1447,
          -1448,
          1450,
          1476,
          -1477,
          1490,
          1502,
          -1504,
          1510,
          1515,
          1522,
          1535,
          1562,
          -1563,
          1572,
          1597,
          1602,
          1608,
          1614,
          1643,
          1662,
          1670,
          1684,
          -1685,
          1695,
          1715,
          1742,
          1751,
          1757,
          1760,
          1771,
          -1772,
          1779,
          1786,
          1797,
          1818,
          1842,
          1860,
          1871,
          -1872,
          1879,
          1899,
          1909,
          1926,
          1930,
          1941,
          1953,
          1955,
          1967,
          1977,
          1983,
          2016,
          2029,
          2033,
          2038,
          2060,
          2073,
          2083,
          2109,
          2113,
          2120,
          2124,
          2136,
          2144,
          2156,
          2158,
          2184,
          2191,
          2194,
          2197,
          2200,
          2220,
          2226,
          2234,
          -2240,
          2242,
          -2243,
          2245,
          -2264,
          2266,
          -2273,
          2275,
          -2293,
          2295,
          -2318,
          2320,
          2322,
          2324,
          -2325,
          2328,
          2330,
          -2333,
          2335,
          -2345,
          2347,
          -2356,
          2359,
          -2366,
          2368,
          -2374,
          2376,
          -2379,
          2382,
          -2386,
          2388,
          -2389,
          2391,
          2393,
          -2426,
          2429,
          -2432,
          2435,
          2437,
          -2444,
          2446,
          2448,
          -2457,
          2459,
          -2460,
          2462,
          -2469,
          2472,
          -2480,
          2482,
          -2484,
          2486,
          -2489,
          2491,
          -2512,
          2515,
          2517,
          -2519,
          2521,
          -2522,
          2547,
          2563,
          -2567,
          2569,
          2571,
          -2580,
          2582,
          2584,
          -2596,
          2599,
          -2600,
          2603,
          -2605,
          2607,
          -2608,
          2610,
          -2611,
          2614,
          -2615,
          2617,
          2620,
          -2621,
          2623,
          -2625,
          2628,
          -2639,
          2641,
          -2643
        ],
        0,
        [
          328,
          336,
          577,
          661,
          666,
          2647,
          2653,
          2661,
          2669,
          2690,
          2704
        ],
        1
      ]
    },
    "weight":{
      "runs_and_values":[
        [
          249,
          253,
          -254,
          262,
          264,
          -266,
          268,
          -270,
          272,
          -276,
          278,
          -282,
          284,
          -288,
          290,
          -293,
          295,
          -297,
          299,
          301,
          303,
          -306,
          308,
          310,
          -311,
          313,
          -318,
          322,
          -325,
          327,
          -329,
          331,
          -338,
          340,
          -344,
          346,
          382,
          388,
          395,
          418,
          507,
          516,
          523,
          548,
          554,
          577,
          -591,
          593,
          -599,
          601,
          -612,
          615,
          -616,
          618,
          -629,
          632,
          636,
          638,
          -640,
          642,
          -643,
          645,
          -646,
          648,
          651,
          -656,
          658,
          -667,
          670,
          -671,
          673,
          -695,
          699,
          701,
          -705,
          710,
          718,
          746,
          807,
          815,
          -816,
          829,
          -831,
          833,
          -840,
          842,
          844,
          -845,
          847,
          -848,
          850,
          852,
          854,
          -859,
          862,
          864,
          866,
          -868,
          871,
          873,
          -874,
          876,
          878,
          -879,
          885,
          897,
          908,
          910,
          913,
          915,
          924,
          935,
          944,
          957,
          997,
          1006,
          1009,
          1011,
          1030,
          1033,
          1053,
          1101,
          1122,
          1160,
          1165,
          -1166,
          1192,
          -1193,
          1224,
          1233,
          1238,
          1260,
          1271,
          1274,
          1283,
          1298,
          -1299,
          1301,
          1303,
          1313,
          1339,
          1345,
          1360,
          1374,
          1376,
          1384,
          1395,
          1408,
          1440,
          1447,
          -1448,
          1450,
          1476,
          -1477,
          1490,
          1502,
          -1504,
          1510,
          1515,
          1522,
          1535,
          1562,
          -1563,
          1572,
          1597,
          1602,
          1608,
          1614,
          1643,
          1662,
          1670,
          1684,
          -1685,
          1695,
          1715,
          1742,
          1751,
          1757,
          1760,
          1771,
          -1772,
          1779,
          1786,
          1797,
          1818,
          1842,
          1860,
          1871,
          -1872,
          1879,
          1899,
          1909,
          1926,
          1930,
          1941,
          1953,
          1955,
          1967,
          1977,
          1983,
          2016,
          2029,
          2033,
          2038,
          2060,
          2073,
          2083,
          2109,
          2113,
          2120,
          2124,
          2136,
          2144,
          2156,
          2158,
          2184,
          2191,
          2194,
          2197,
          2200,
          2220,
          2226,
          2230,
          2234,
          -2240,
          2242,
          -2243,
          2245,
          -2264,
          2266,
          -2273,
          2275,
          -2293,
          2295,
          -2318,
          2320,
          2322,
          2324,
          -2326,
          2328,
          2330,
          -2333,
          2335,
          -2345,
          2347,
          -2356,
          2359,
          -2366,
          2368,
          -2374,
          2376,
          -2379,
          2382,
          -2386,
          2388,
          -2389,
          2391,
          2393,
          -2427,
          2429,
          -2433,
          2435,
          2437,
          -2444,
          2446,
          2448,
          -2457,
          2459,
          -2460,
          2462,
          -2469,
          2472,
          -2480,
          2482,
          -2484,
          2486,
          -2489,
          2491,
          -2512,
          2515,
          2517,
          -2519,
          2521,
          -2522,
          2528,
          2547,
          2563,
          -2567,
          2569,
          2571,
          -2580,
          2582,
          -2596,
          2599,
          -2600,
          2603,
          -2605,
          2607,
          -2608,
          2610,
          -2611,
          2614,
          -2615,
          2617,
          2620,
          -2625,
          2628,
          -2639,
          2641,
          -2643,
          2647,
          2653,
          2661,
          2669,
          2690,
          2704
        ],
        1
      ]
    },
    "SHOULD_DELETE":{
      "runs_and_values":[
        [
          253,
          316,
          335,
          583,
          607,
          611,
          625,
          -626,
          628,
          638,
          643,
          651,
          658,
          -659,
          687,
          -690,
          694,
          718,
          834,
          836,
          838,
          842,
          935,
          997,
          1006,
          1160,
          1165,
          1274,
          1360,
          2230,
          2326,
          2427,
          2433,
          2528,
          2583,
          2622
        ],
        true
      ]
    }
  },
  "schema":{
    "display_name":"Schema",
    "description":"The Schema describing the layout of the 3LC object",
    "values":{
      "type":{
        "display_name":"Type",
        "description":"The type name of the class",
        "writable":false,
        "value":{
          "type":"string",
          "string_role":"ObjectType"
        }
      },
      "schema":{
        "display_name":"Schema",
        "description":"The Schema object format",
        "value":{
          "type":"dict"
        }
      },
      "created":{
        "display_name":"Created",
        "description":"The datetime of the object creation",
        "value":{
          "type":"string",
          "string_role":"Datetime"
        }
      },
      "serialization_version":{
        "display_name":"Version",
        "description":"The serialization version of the object",
        "value":{
          "type":"string",
          "string_role":"Version"
        }
      },
      "transaction_id":{
        "display_name":"Transaction ID",
        "description":"The transaction associated with this object",
        "writable":false,
        "default_visible":false,
        "value":{
          "type":"string"
        }
      },
      "is_url_writable":{
        "display_name":"Is URL writable",
        "description":"Whether the URL where the object is stored is writable.",
        "writable":false,
        "display_importance":-1,
        "transient":true,
        "default_visible":false,
        "value":{
          "type":"bool"
        }
      },
      "row_cache_url":{
        "display_name":"Row cache URL",
        "description":"An optional URL referring to a cached version of all rows within this table",
        "writable":false,
        "value":{
          "type":"string",
          "string_role":"URL"
        }
      },
      "row_cache_populated":{
        "display_name":"Row cache populated",
        "description":"Whether 'row_cache_url' refers to a cached version of all rows within this table",
        "writable":false,
        "value":{
          "type":"bool"
        }
      },
      "dataset_name":{
        "display_name":"Dataset name",
        "description":"The name of the dataset that this table belongs to",
        "writable":false,
        "display_importance":399,
        "transient":true,
        "value":{
          "type":"string"
        }
      },
      "project_name":{
        "display_name":"Project name",
        "description":"The name of the project that this table belongs to",
        "writable":false,
        "display_importance":400,
        "transient":true,
        "value":{
          "type":"string"
        }
      },
      "override_table_rows_schema":{
        "display_name":"Override Schema",
        "description":"A schema describing potentially sparse overrides for the base schema",
        "value":{
          "type":"dict"
        }
      },
      "row_count":{
        "display_name":"Row count",
        "description":"The number of rows within this table (if known).",
        "writable":false,
        "value":{
          "type":"int32",
          "min":-1,
          "max":1000000000,
          "enforce_min":true,
          "map":{
            "-1.0":{
              "internal_name":"Unknown",
              "display_name":"(Unknown)",
              "description":"The table hasn't produced its rows yet, and so the row count is still unknown",
              "display_color":"#c06060"
            }
          }
        }
      },
      "description":{
        "display_name":"Description",
        "display_importance":-1,
        "value":{
          "type":"string"
        }
      },
      "input_tables":{
        "display_name":"Input Tables",
        "description":"Which input tables have been used to produce the table.",
        "writable":false,
        "size0":{
          "type":"int32",
          "min":0,
          "max":1000,
          "enforce_min":true
        },
        "value":{
          "type":"string",
          "string_role":"URL/Table"
        }
      },
      "input_table_url":{
        "value":{
          "type":"string",
          "string_role":"URL/Table"
        }
      },
      "edits":{
        "display_name":"Edit schema",
        "description":"Schema for the 'edits' property",
        "value":{
          "type":"dict"
        }
      },
      "rows":{
        "display_name":"Table rows",
        "description":"A property containing the table rows within this Parquet table",
        "writable":false,
        "size0":{
          "type":"int32",
          "min":0,
          "max":1000000000,
          "enforce_min":true,
          "number_role":"table_row_index",
          "display_name":"Table row"
        },
        "values":{
          "id":{
            "writable":false,
            "value":{
              "type":"int32"
            }
          },
          "image":{
            "sample_type":"image_path",
            "value":{
              "type":"string",
              "string_role":"URL/Image"
            }
          },
          "label":{
            "sample_type":"categorical_label",
            "value":{
              "type":"int32",
              "min":0,
              "max":2,
              "number_role":"label",
              "map":{
                "0.0":{
                  "internal_name":"chihuahua"
                },
                "1.0":{
                  "internal_name":"muffin"
                },
                "2.0":{
                  "internal_name":"undefined"
                }
              }
            }
          },
          "weight":{
            "display_name":"Weight",
            "description":"The weights of the samples in this table.",
            "sample_type":"hidden",
            "value":{
              "default_value":1.0,
              "min":0,
              "enforce_min":true,
              "number_role":"sample_weight"
            }
          }
        }
      }
    }
  }
}