{
  "type":"EditedTable",
  "created":"Thu, 20 Nov 2025 21:19:06 GMT",
  "serialization_version":"1",
  "transaction_id":"1ea752dbaf3a45514d1b0767882c061720dc974d53bda5dbc3f2dd3594de6937",
  "row_cache_populated":false,
  "override_table_rows_schema":{},
  "row_count":4586,
  "input_table_url":"../DeleteX40Set388PropertiesIn388RowsTo4Values",
  "edits":{
    "label":{
      "runs_and_values":[
        [
          292,
          317,
          343,
          -344,
          346,
          -348,
          351,
          356,
          361,
          365,
          367,
          -369,
          372,
          -374,
          379,
          -381,
          384,
          391,
          -394,
          396,
          401,
          404,
          -407,
          409,
          411,
          -412,
          416,
          -417,
          421,
          430,
          -432,
          436,
          439,
          441,
          -443,
          446,
          -447,
          451,
          -452,
          455,
          -456,
          458,
          -459,
          461,
          467,
          471,
          473,
          -475,
          480,
          482,
          -485,
          491,
          -495,
          497,
          -498,
          500,
          502,
          -505,
          512,
          515,
          518,
          520,
          -522,
          525,
          -527,
          534,
          536,
          -538,
          540,
          546,
          -547,
          549,
          -553,
          557,
          560,
          -561,
          565,
          568,
          -569,
          617,
          634,
          640,
          672,
          683,
          -684,
          686,
          -687,
          689,
          -691,
          696,
          698,
          -701,
          703,
          705,
          711,
          713,
          -715,
          721,
          724,
          727,
          729,
          731,
          734,
          736,
          738,
          -740,
          742,
          -743,
          745,
          747,
          -749,
          751,
          753,
          755,
          -756,
          759,
          762,
          765,
          -766,
          768,
          -770,
          776,
          780,
          -781,
          784,
          786,
          794,
          -796,
          799,
          -800,
          811,
          821,
          831,
          840,
          843,
          848,
          -849,
          853,
          -854,
          856,
          -858,
          862,
          865,
          867,
          869,
          871,
          873,
          877,
          -878,
          880,
          887,
          896,
          898,
          -902,
          914,
          917,
          922,
          -923,
          937,
          940,
          -943,
          945,
          -946,
          951,
          -952,
          954,
          -957,
          961,
          975,
          -977,
          979,
          981,
          -982,
          987,
          993,
          -995,
          997,
          999,
          1001,
          -1003,
          1007,
          -1008,
          1010,
          1018,
          1026,
          1031,
          -1032,
          1036,
          -1042,
          1046,
          -1049,
          1051,
          -1055,
          1061,
          -1065,
          1069,
          1074,
          1077,
          1080,
          -1081,
          1083,
          -1085,
          1088,
          1090,
          -1091,
          1095,
          1097,
          -1098,
          1102,
          1104,
          1106,
          1110,
          -1111,
          1116,
          -1117,
          1123,
          -1125,
          1127,
          1130,
          1134,
          1148,
          1151,
          -1152,
          1154,
          1156,
          -1158,
          1162,
          1168,
          -1169,
          1174,
          1176,
          1178,
          1181,
          1183,
          -1184,
          1193,
          -1196,
          1202,
          -1205,
          1207,
          1210,
          -1215,
          1218,
          1220,
          -1229,
          1232,
          -1233,
          1235,
          -1240,
          1242,
          1244,
          1247,
          1249,
          1251,
          -1252,
          1254,
          1256,
          -1257,
          1261,
          1265,
          -1268,
          1272,
          1275,
          -1276,
          1278,
          -1285,
          1289,
          -1291,
          1293,
          -1296,
          1298,
          1300,
          -1301,
          1303,
          -1307,
          1309,
          -1311,
          1313,
          1315,
          -1317,
          1323,
          -1328,
          1331,
          -1332,
          1334,
          1336,
          1342,
          1346,
          -1349,
          1352,
          1356,
          1358,
          -1360,
          1366,
          1369,
          1371,
          -1374,
          1376,
          -1384,
          1386,
          -1387,
          1390,
          -1391,
          1394,
          1396,
          -1397,
          1399,
          1401,
          1403,
          1405,
          -1406,
          1408,
          -1411,
          1413,
          -1414,
          1416,
          -1418,
          1420,
          1423,
          -1425,
          1427,
          -1431,
          1433,
          -1434,
          1436,
          1438,
          1441,
          -1442,
          1444,
          1446,
          1451,
          -1453,
          1457,
          -1459,
          1461,
          -1463,
          1465,
          -1466,
          1468,
          -1476,
          1478,
          -1479,
          1481,
          1483,
          -1488,
          1490,
          -1494,
          1496,
          1498,
          1502,
          -1504,
          1506,
          1510,
          -1516,
          1518,
          -1519,
          1521,
          -1522,
          1524,
          1526,
          -1537,
          1539,
          -1541,
          1544,
          1546,
          1548,
          1550,
          1552,
          1554,
          1557,
          -1558,
          1560,
          -1571,
          1573,
          -1576,
          1578,
          -1581,
          1584,
          -1586,
          1589,
          -1596,
          1598,
          1600,
          -1605,
          1608,
          -1609,
          1611,
          -1613,
          1615,
          -1618,
          1621,
          -1622,
          1624,
          -1627,
          1631,
          -1632,
          1634,
          -1638,
          1640,
          1643,
          -1645,
          1647,
          1650,
          1652,
          1654,
          -1655,
          1657,
          -1658,
          1660,
          -1663,
          1665,
          1667,
          -1668,
          1670,
          -1672,
          1674,
          -1678,
          1684,
          -1685,
          1687,
          1690,
          -1691,
          1693,
          1697,
          1700,
          1702,
          1705,
          -1708,
          1710,
          1712,
          1714,
          1717,
          1720,
          1722,
          1724,
          1726,
          -1729,
          1731,
          -1732,
          1734,
          -1738,
          1740,
          1742,
          1744,
          -1748,
          1750,
          -1754,
          1756,
          -1759,
          1761,
          1763,
          -1764,
          1766,
          1769,
          -1770,
          1772,
          1774,
          1776,
          -1777,
          1779,
          -1785,
          1787,
          -1791,
          1793,
          -1795,
          1797,
          -1800,
          1802,
          -1803,
          1805,
          1807,
          -1814,
          1817,
          -1818,
          1821,
          -1822,
          1824,
          -1828,
          1830,
          -1831,
          1833,
          1865,
          1867,
          -1868,
          1870,
          -1871,
          1874,
          -1875,
          1877,
          -1879,
          1881,
          -1882,
          1884,
          -1885,
          1887,
          1889,
          1891,
          1896,
          1898,
          -1906,
          1908,
          1910,
          -1916,
          1918,
          1920,
          -1924,
          1926,
          -1929,
          1931,
          1933,
          1935,
          1937,
          -1942,
          1945,
          1948,
          -1950,
          1952,
          -1957,
          1959,
          -1960,
          1962,
          -1968,
          1970,
          1973,
          -1974,
          1976,
          -1979,
          1981,
          1984,
          -1985
        ],
        0,
        [
          382,
          388,
          418,
          507,
          516,
          564,
          710,
          746,
          859,
          861,
          864,
          870,
          1009,
          1011,
          1030,
          1122,
          1274
        ],
        1
      ]
    },
    "weight":{
      "runs_and_values":[
        [
          292,
          305,
          317,
          343,
          -344,
          346,
          -348,
          351,
          356,
          361,
          365,
          367,
          -369,
          372,
          -374,
          379,
          -382,
          384,
          388,
          391,
          -394,
          396,
          401,
          404,
          -407,
          409,
          411,
          -412,
          416,
          -418,
          421,
          430,
          -432,
          436,
          439,
          441,
          -443,
          446,
          -447,
          451,
          -452,
          455,
          -456,
          458,
          -459,
          461,
          467,
          471,
          473,
          -475,
          480,
          482,
          -485,
          491,
          -495,
          497,
          -498,
          500,
          502,
          -505,
          507,
          512,
          515,
          -516,
          518,
          520,
          -522,
          525,
          -527,
          534,
          536,
          -538,
          540,
          546,
          -547,
          549,
          -553,
          557,
          560,
          -561,
          564,
          -565,
          568,
          -569,
          617,
          634,
          640,
          672,
          -673,
          683,
          -684,
          686,
          -687,
          689,
          -691,
          696,
          698,
          -701,
          703,
          705,
          710,
          -711,
          713,
          -715,
          721,
          724,
          727,
          729,
          731,
          734,
          736,
          738,
          -740,
          742,
          -743,
          745,
          -749,
          751,
          753,
          755,
          -756,
          759,
          762,
          765,
          -766,
          768,
          -770,
          775,
          -776,
          780,
          -781,
          784,
          786,
          794,
          -796,
          799,
          -800,
          811,
          821,
          831,
          840,
          843,
          848,
          -849,
          853,
          -854,
          856,
          -859,
          861,
          -862,
          864,
          -865,
          867,
          869,
          -871,
          873,
          877,
          -878,
          880,
          887,
          896,
          898,
          -902,
          914,
          917,
          922,
          -923,
          937,
          940,
          -943,
          945,
          -946,
          951,
          -952,
          954,
          -957,
          961,
          975,
          -977,
          979,
          981,
          -982,
          987,
          993,
          -995,
          997,
          999,
          1001,
          -1003,
          1007,
          -1011,
          1018,
          1026,
          1030,
          -1032,
          1036,
          -1042,
          1046,
          -1049,
          1051,
          -1055,
          1061,
          -1065,
          1069,
          1074,
          1077,
          1080,
          -1081,
          1083,
          -1085,
          1088,
          1090,
          -1091,
          1095,
          1097,
          -1098,
          1102,
          1104,
          1106,
          1110,
          -1111,
          1116,
          -1117,
          1122,
          -1125,
          1127,
          1130,
          1134,
          1148,
          1151,
          -1152,
          1154,
          1156,
          -1158,
          1162,
          1168,
          -1169,
          1174,
          1176,
          1178,
          1181,
          1183,
          -1184,
          1193,
          -1196,
          1202,
          -1205,
          1207,
          1210,
          -1215,
          1218,
          1220,
          -1229,
          1232,
          -1233,
          1235,
          -1240,
          1242,
          1244,
          1247,
          1249,
          1251,
          -1252,
          1254,
          1256,
          -1257,
          1261,
          1265,
          -1268,
          1272,
          1274,
          -1276,
          1278,
          -1285,
          1288,
          -1291,
          1293,
          -1296,
          1298,
          1300,
          -1301,
          1303,
          -1307,
          1309,
          -1311,
          1313,
          1315,
          -1317,
          1323,
          -1328,
          1331,
          -1332,
          1334,
          1336,
          1342,
          1346,
          -1349,
          1352,
          1356,
          -1360,
          1366,
          1369,
          -1374,
          1376,
          -1384,
          1386,
          -1387,
          1390,
          -1391,
          1394,
          1396,
          -1397,
          1399,
          1401,
          1403,
          1405,
          -1406,
          1408,
          -1411,
          1413,
          -1414,
          1416,
          -1418,
          1420,
          1423,
          -1425,
          1427,
          -1431,
          1433,
          -1434,
          1436,
          1438,
          1441,
          -1442,
          1444,
          1446,
          1451,
          -1453,
          1457,
          -1459,
          1461,
          -1463,
          1465,
          -1466,
          1468,
          -1476,
          1478,
          -1479,
          1481,
          1483,
          -1488,
          1490,
          -1494,
          1496,
          1498,
          1502,
          -1504,
          1506,
          1510,
          -1516,
          1518,
          -1519,
          1521,
          -1522,
          1524,
          1526,
          -1537,
          1539,
          -1541,
          1544,
          1546,
          1548,
          1550,
          1552,
          1554,
          1556,
          -1558,
          1560,
          -1571,
          1573,
          -1576,
          1578,
          -1581,
          1584,
          -1586,
          1589,
          -1596,
          1598,
          1600,
          -1605,
          1607,
          -1609,
          1611,
          -1613,
          1615,
          -1618,
          1620,
          -1622,
          1624,
          -1627,
          1631,
          -1638,
          1640,
          1643,
          -1645,
          1647,
          1650,
          1652,
          1654,
          -1655,
          1657,
          -1658,
          1660,
          -1663,
          1665,
          1667,
          -1668,
          1670,
          -1672,
          1674,
          -1678,
          1681,
          1683,
          -1685,
          1687,
          1690,
          -1691,
          1693,
          1696,
          -1697,
          1700,
          1702,
          1705,
          -1708,
          1710,
          1712,
          1714,
          1717,
          1720,
          1722,
          1724,
          1726,
          -1729,
          1731,
          -1732,
          1734,
          -1738,
          1740,
          1742,
          1744,
          -1748,
          1750,
          -1754,
          1756,
          -1759,
          1761,
          1763,
          -1764,
          1766,
          1769,
          -1770,
          1772,
          1774,
          1776,
          -1777,
          1779,
          -1785,
          1787,
          -1791,
          1793,
          -1795,
          1797,
          -1800,
          1802,
          -1803,
          1805,
          1807,
          -1814,
          1817,
          -1818,
          1821,
          -1822,
          1824,
          -1828,
          1830,
          -1831,
          1833,
          1865,
          1867,
          -1868,
          1870,
          -1871,
          1874,
          -1875,
          1877,
          -1879,
          1881,
          -1882,
          1884,
          -1885,
          1887,
          1889,
          1891,
          1896,
          1898,
          -1906,
          1908,
          1910,
          -1916,
          1918,
          1920,
          -1924,
          1926,
          -1929,
          1931,
          1933,
          1935,
          1937,
          -1942,
          1945,
          1948,
          -1950,
          1952,
          -1957,
          1959,
          -1960,
          1962,
          -1968,
          1970,
          1973,
          -1974,
          1976,
          -1979,
          1981,
          1984,
          -1985
        ],
        1
      ]
    },
    "SHOULD_DELETE":{
      "runs_and_values":[
        [
          305,
          673,
          775,
          1288,
          1357,
          1370,
          1556,
          1607,
          1620,
          1633,
          1681,
          1683,
          1696
        ],
        true
      ]
    }
  },
  "schema":{
    "display_name":"Schema",
    "description":"The Schema describing the layout of the 3LC object",
    "values":{
      "type":{
        "display_name":"Type",
        "description":"The type name of the class",
        "writable":false,
        "value":{
          "type":"string",
          "string_role":"ObjectType"
        }
      },
      "schema":{
        "display_name":"Schema",
        "description":"The Schema object format",
        "value":{
          "type":"dict"
        }
      },
      "created":{
        "display_name":"Created",
        "description":"The datetime of the object creation",
        "value":{
          "type":"string",
          "string_role":"Datetime"
        }
      },
      "serialization_version":{
        "display_name":"Version",
        "description":"The serialization version of the object",
        "value":{
          "type":"string",
          "string_role":"Version"
        }
      },
      "transaction_id":{
        "display_name":"Transaction ID",
        "description":"The transaction associated with this object",
        "writable":false,
        "default_visible":false,
        "value":{
          "type":"string"
        }
      },
      "is_url_writable":{
        "display_name":"Is URL writable",
        "description":"Whether the URL where the object is stored is writable.",
        "writable":false,
        "display_importance":-1,
        "transient":true,
        "default_visible":false,
        "value":{
          "type":"bool"
        }
      },
      "row_cache_url":{
        "display_name":"Row cache URL",
        "description":"An optional URL referring to a cached version of all rows within this table",
        "writable":false,
        "value":{
          "type":"string",
          "string_role":"URL"
        }
      },
      "row_cache_populated":{
        "display_name":"Row cache populated",
        "description":"Whether 'row_cache_url' refers to a cached version of all rows within this table",
        "writable":false,
        "value":{
          "type":"bool"
        }
      },
      "dataset_name":{
        "display_name":"Dataset name",
        "description":"The name of the dataset that this table belongs to",
        "writable":false,
        "display_importance":399,
        "transient":true,
        "value":{
          "type":"string"
        }
      },
      "project_name":{
        "display_name":"Project name",
        "description":"The name of the project that this table belongs to",
        "writable":false,
        "display_importance":400,
        "transient":true,
        "value":{
          "type":"string"
        }
      },
      "override_table_rows_schema":{
        "display_name":"Override Schema",
        "description":"A schema describing potentially sparse overrides for the base schema",
        "value":{
          "type":"dict"
        }
      },
      "row_count":{
        "display_name":"Row count",
        "description":"The number of rows within this table (if known).",
        "writable":false,
        "value":{
          "type":"int32",
          "min":-1,
          "max":1000000000,
          "enforce_min":true,
          "map":{
            "-1.0":{
              "internal_name":"Unknown",
              "display_name":"(Unknown)",
              "description":"The table hasn't produced its rows yet, and so the row count is still unknown",
              "display_color":"#c06060"
            }
          }
        }
      },
      "description":{
        "display_name":"Description",
        "display_importance":-1,
        "value":{
          "type":"string"
        }
      },
      "input_tables":{
        "display_name":"Input Tables",
        "description":"Which input tables have been used to produce the table.",
        "writable":false,
        "size0":{
          "type":"int32",
          "min":0,
          "max":1000,
          "enforce_min":true
        },
        "value":{
          "type":"string",
          "string_role":"URL/Table"
        }
      },
      "input_table_url":{
        "value":{
          "type":"string",
          "string_role":"URL/Table"
        }
      },
      "edits":{
        "display_name":"Edit schema",
        "description":"Schema for the 'edits' property",
        "value":{
          "type":"dict"
        }
      },
      "rows":{
        "display_name":"Table rows",
        "description":"A property containing the table rows within this Parquet table",
        "writable":false,
        "size0":{
          "type":"int32",
          "min":0,
          "max":1000000000,
          "enforce_min":true,
          "number_role":"table_row_index",
          "display_name":"Table row"
        },
        "values":{
          "id":{
            "writable":false,
            "value":{
              "type":"int32"
            }
          },
          "image":{
            "sample_type":"image_path",
            "value":{
              "type":"string",
              "string_role":"URL/Image"
            }
          },
          "label":{
            "sample_type":"categorical_label",
            "value":{
              "type":"int32",
              "min":0,
              "max":2,
              "number_role":"label",
              "map":{
                "0.0":{
                  "internal_name":"chihuahua"
                },
                "1.0":{
                  "internal_name":"muffin"
                },
                "2.0":{
                  "internal_name":"undefined"
                }
              }
            }
          },
          "weight":{
            "display_name":"Weight",
            "description":"The weights of the samples in this table.",
            "sample_type":"hidden",
            "value":{
              "default_value":1.0,
              "min":0,
              "enforce_min":true,
              "number_role":"sample_weight"
            }
          }
        }
      }
    }
  }
}