{
  "type":"EditedTable",
  "created":"Thu, 20 Nov 2025 22:24:35 GMT",
  "serialization_version":"1",
  "transaction_id":"680f4b4f79dd142a9c61aef6a601b07f9505b8e79be4aa7b9f1776fb5ce5ddaa",
  "row_cache_populated":false,
  "override_table_rows_schema":{},
  "row_count":4541,
  "input_table_url":"../Modified1642Values",
  "edits":{
    "label":{
      "runs_and_values":[
        [
          418,
          807,
          924,
          935,
          1053,
          1069,
          1260,
          1360,
          1842,
          1977,
          1983,
          2016,
          2029,
          2060,
          2073,
          2120,
          2136,
          2144,
          2156,
          2158,
          2191,
          2282,
          2466,
          2478,
          2482,
          2502,
          2894
        ],
        0,
        [
          2659,
          2673,
          2698,
          2701,
          2709,
          2750,
          2768,
          2771,
          2775,
          2787,
          2790,
          2809,
          2811,
          2814,
          2816,
          2822,
          2824,
          2831,
          2834,
          2844,
          2854,
          2856,
          2862,
          2880,
          2884,
          2896,
          2898,
          2901,
          2913,
          2916,
          2937,
          2941,
          2943,
          2953,
          2955,
          2968,
          -2969,
          2988,
          2990,
          2994,
          3001,
          3003,
          3006,
          -3007,
          3010,
          3019,
          3022,
          3029,
          3033,
          3041,
          3045,
          3061,
          3072,
          3075,
          3077,
          3087,
          -3088,
          3101,
          3103,
          3126,
          3132,
          3137,
          3140,
          -3141,
          3143,
          3147,
          -3148,
          3154,
          3156,
          3158,
          3165,
          3168,
          -3169,
          3172,
          3186,
          3200,
          3206,
          3211,
          -3212,
          3226,
          3228,
          -3230,
          3255,
          3266,
          3275,
          3281,
          3296,
          3310,
          -3311,
          3317,
          -3318,
          3323,
          3327,
          3334,
          3341,
          3345,
          -3346,
          3349,
          3360,
          3367,
          3380,
          3386,
          -3388,
          3391,
          3397,
          3404,
          3410,
          3432,
          3437,
          3449,
          3451,
          -3452,
          3456,
          -3457,
          3460,
          3466,
          3476,
          3481,
          3483,
          3486,
          -3488,
          3503,
          3510,
          3512,
          3514,
          3522,
          3524,
          3533,
          3558,
          -3559,
          3561,
          3577,
          3580,
          3589,
          3592,
          -3593,
          3606,
          3611,
          3613,
          3622,
          3632,
          3634,
          3639,
          3644,
          3655,
          3663,
          3683,
          3688,
          3698,
          -3699,
          3701,
          3716,
          -3717,
          3720,
          3723,
          3728,
          3730,
          3734,
          3738,
          3762,
          3776,
          3794,
          3815,
          3822,
          3841,
          3857,
          3875,
          3880,
          3895,
          3907,
          3920,
          3924,
          -3925,
          3935,
          3965,
          -3966,
          3968,
          3977,
          3987,
          3992,
          3998,
          -3999,
          4004,
          4008,
          4010,
          4012,
          4028,
          -4029,
          4038,
          4047,
          -4049,
          4051,
          4070,
          -4071,
          4077,
          4081,
          4085,
          4096,
          -4097,
          4109,
          4114,
          4135,
          4137,
          4146,
          4154,
          4170,
          4174,
          4179,
          -4181,
          4190,
          4194,
          -4195,
          4199,
          4207,
          4209,
          4216,
          4222,
          4227,
          -4228,
          4232,
          -4233,
          4235,
          4240,
          4253,
          4255,
          4258,
          -4259,
          4265,
          4271,
          4273,
          4284,
          -4285,
          4297,
          4300,
          -4302,
          4318,
          4338,
          4340,
          4347,
          -4348,
          4354,
          4360,
          4366,
          4368,
          4371,
          4385,
          4389,
          4394,
          4417,
          4449,
          4458,
          4461,
          4468,
          4474,
          4486,
          4488,
          -4490,
          4500,
          4520,
          4533,
          4543,
          4560,
          4582
        ],
        1
      ]
    },
    "weight":{
      "runs_and_values":[
        [
          418,
          718,
          807,
          816,
          915,
          924,
          935,
          1011,
          1053,
          1069,
          1160,
          1260,
          1360,
          1842,
          1977,
          1983,
          2016,
          2029,
          2060,
          2073,
          2120,
          2136,
          2144,
          2156,
          2158,
          2191,
          2281,
          -2282,
          2299,
          2466,
          2478,
          -2479,
          2482,
          2502,
          2659,
          2673,
          2698,
          2701,
          2709,
          2750,
          2768,
          2771,
          2775,
          2787,
          2790,
          2809,
          2811,
          2814,
          2816,
          2822,
          2824,
          2831,
          2834,
          2844,
          2854,
          2856,
          2862,
          2880,
          2884,
          2894,
          2896,
          2898,
          2901,
          2913,
          2916,
          2937,
          2941,
          2943,
          2953,
          2955,
          2968,
          -2969,
          2988,
          2990,
          2994,
          3001,
          3003,
          3006,
          -3007,
          3010,
          3019,
          3022,
          3029,
          3033,
          3041,
          3045,
          3061,
          3072,
          3075,
          3077,
          3087,
          -3088,
          3101,
          3103,
          3126,
          3132,
          3135,
          3137,
          3140,
          -3141,
          3143,
          3147,
          -3148,
          3154,
          3156,
          3158,
          3165,
          3168,
          -3169,
          3172,
          3186,
          3200,
          3206,
          3211,
          -3212,
          3226,
          3228,
          -3230,
          3255,
          3266,
          3275,
          3278,
          3281,
          3296,
          3310,
          -3311,
          3317,
          -3318,
          3323,
          3326,
          -3328,
          3334,
          3339,
          3341,
          3345,
          -3346,
          3349,
          3360,
          3367,
          3372,
          3380,
          3386,
          -3388,
          3391,
          3397,
          3404,
          3410,
          3420,
          3424,
          3427,
          -3428,
          3430,
          3432,
          3437,
          3449,
          3451,
          -3452,
          3456,
          -3457,
          3460,
          3466,
          3474,
          3476,
          3481,
          3483,
          3486,
          -3488,
          3503,
          3506,
          3510,
          3512,
          3514,
          3522,
          3524,
          3533,
          3535,
          3557,
          -3559,
          3561,
          3577,
          3580,
          3589,
          3592,
          -3593,
          3602,
          3606,
          3611,
          -3613,
          3622,
          3625,
          3632,
          -3634,
          3639,
          3644,
          -3645,
          3649,
          3655,
          3663,
          3671,
          3681,
          3683,
          -3684,
          3688,
          3698,
          -3699,
          3701,
          3716,
          -3717,
          3720,
          3723,
          3728,
          3730,
          3734,
          3738,
          3762,
          3776,
          3794,
          3815,
          3822,
          3841,
          3857,
          3875,
          3880,
          3895,
          3907,
          3920,
          3924,
          -3925,
          3934,
          -3935,
          3965,
          -3966,
          3968,
          3977,
          3987,
          3992,
          3998,
          -3999,
          4004,
          4008,
          4010,
          4012,
          4019,
          4028,
          -4029,
          4038,
          4047,
          -4049,
          4051,
          4070,
          -4071,
          4077,
          4081,
          4085,
          4096,
          -4097,
          4109,
          4114,
          4135,
          4137,
          4146,
          4154,
          4170,
          4174,
          4179,
          -4181,
          4190,
          4194,
          -4195,
          4199,
          -4200,
          4202,
          4207,
          4209,
          4216,
          4222,
          4227,
          -4228,
          4232,
          -4233,
          4235,
          4238,
          4240,
          4253,
          4255,
          4258,
          -4259,
          4264,
          -4265,
          4271,
          4273,
          4281,
          4284,
          -4285,
          4297,
          4300,
          -4302,
          4318,
          4338,
          4340,
          4347,
          -4348,
          4354,
          4360,
          -4361,
          4366,
          4368,
          4371,
          4385,
          4389,
          4394,
          4413,
          4417,
          4437,
          4449,
          4458,
          4461,
          4465,
          4468,
          4474,
          4486,
          -4490,
          4500,
          4502,
          4520,
          4533,
          4543,
          4560,
          4582
        ],
        1
      ]
    },
    "SHOULD_DELETE":{
      "runs_and_values":[
        [
          718,
          816,
          915,
          1011,
          1160,
          2281,
          2299,
          2479,
          3135,
          3278,
          3326,
          3328,
          3339,
          3372,
          3420,
          3424,
          3427,
          -3428,
          3430,
          3474,
          3506,
          3535,
          3557,
          3602,
          3612,
          3625,
          3633,
          3645,
          3649,
          3671,
          3681,
          3684,
          3934,
          4019,
          4200,
          4202,
          4238,
          4264,
          4281,
          4361,
          4413,
          4437,
          4465,
          4487,
          4502
        ],
        true
      ]
    }
  },
  "schema":{
    "display_name":"Schema",
    "description":"The Schema describing the layout of the 3LC object",
    "values":{
      "type":{
        "display_name":"Type",
        "description":"The type name of the class",
        "writable":false,
        "value":{
          "type":"string",
          "string_role":"ObjectType"
        }
      },
      "schema":{
        "display_name":"Schema",
        "description":"The Schema object format",
        "value":{
          "type":"dict"
        }
      },
      "created":{
        "display_name":"Created",
        "description":"The datetime of the object creation",
        "value":{
          "type":"string",
          "string_role":"Datetime"
        }
      },
      "serialization_version":{
        "display_name":"Version",
        "description":"The serialization version of the object",
        "value":{
          "type":"string",
          "string_role":"Version"
        }
      },
      "transaction_id":{
        "display_name":"Transaction ID",
        "description":"The transaction associated with this object",
        "writable":false,
        "default_visible":false,
        "value":{
          "type":"string"
        }
      },
      "is_url_writable":{
        "display_name":"Is URL writable",
        "description":"Whether the URL where the object is stored is writable.",
        "writable":false,
        "display_importance":-1,
        "transient":true,
        "default_visible":false,
        "value":{
          "type":"bool"
        }
      },
      "row_cache_url":{
        "display_name":"Row cache URL",
        "description":"An optional URL referring to a cached version of all rows within this table",
        "writable":false,
        "value":{
          "type":"string",
          "string_role":"URL"
        }
      },
      "row_cache_populated":{
        "display_name":"Row cache populated",
        "description":"Whether 'row_cache_url' refers to a cached version of all rows within this table",
        "writable":false,
        "value":{
          "type":"bool"
        }
      },
      "dataset_name":{
        "display_name":"Dataset name",
        "description":"The name of the dataset that this table belongs to",
        "writable":false,
        "display_importance":399,
        "transient":true,
        "value":{
          "type":"string"
        }
      },
      "project_name":{
        "display_name":"Project name",
        "description":"The name of the project that this table belongs to",
        "writable":false,
        "display_importance":400,
        "transient":true,
        "value":{
          "type":"string"
        }
      },
      "override_table_rows_schema":{
        "display_name":"Override Schema",
        "description":"A schema describing potentially sparse overrides for the base schema",
        "value":{
          "type":"dict"
        }
      },
      "row_count":{
        "display_name":"Row count",
        "description":"The number of rows within this table (if known).",
        "writable":false,
        "value":{
          "type":"int32",
          "min":-1,
          "max":1000000000,
          "enforce_min":true,
          "map":{
            "-1.0":{
              "internal_name":"Unknown",
              "display_name":"(Unknown)",
              "description":"The table hasn't produced its rows yet, and so the row count is still unknown",
              "display_color":"#c06060"
            }
          }
        }
      },
      "description":{
        "display_name":"Description",
        "display_importance":-1,
        "value":{
          "type":"string"
        }
      },
      "input_tables":{
        "display_name":"Input Tables",
        "description":"Which input tables have been used to produce the table.",
        "writable":false,
        "size0":{
          "type":"int32",
          "min":0,
          "max":1000,
          "enforce_min":true
        },
        "value":{
          "type":"string",
          "string_role":"URL/Table"
        }
      },
      "input_table_url":{
        "value":{
          "type":"string",
          "string_role":"URL/Table"
        }
      },
      "edits":{
        "display_name":"Edit schema",
        "description":"Schema for the 'edits' property",
        "value":{
          "type":"dict"
        }
      },
      "rows":{
        "display_name":"Table rows",
        "description":"A property containing the table rows within this Parquet table",
        "writable":false,
        "size0":{
          "type":"int32",
          "min":0,
          "max":1000000000,
          "enforce_min":true,
          "number_role":"table_row_index",
          "display_name":"Table row"
        },
        "values":{
          "id":{
            "writable":false,
            "value":{
              "type":"int32"
            }
          },
          "image":{
            "sample_type":"image_path",
            "value":{
              "type":"string",
              "string_role":"URL/Image"
            }
          },
          "label":{
            "sample_type":"categorical_label",
            "value":{
              "type":"int32",
              "min":0,
              "max":2,
              "number_role":"label",
              "map":{
                "0.0":{
                  "internal_name":"chihuahua"
                },
                "1.0":{
                  "internal_name":"muffin"
                },
                "2.0":{
                  "internal_name":"undefined"
                }
              }
            }
          },
          "weight":{
            "display_name":"Weight",
            "description":"The weights of the samples in this table.",
            "sample_type":"hidden",
            "value":{
              "default_value":1.0,
              "min":0,
              "enforce_min":true,
              "number_role":"sample_weight"
            }
          }
        }
      }
    }
  }
}