{
  "type":"EditedTable",
  "created":"Thu, 20 Nov 2025 07:59:30 GMT",
  "serialization_version":"1",
  "transaction_id":"92dc02223b5d6357008eb8b2640e1a8953dd019612e0dcfa0a3ef4f2624367f8",
  "row_cache_populated":false,
  "override_table_rows_schema":{},
  "row_count":4720,
  "input_table_url":"../train",
  "edits":{
    "label":{
      "runs_and_values":[
        [
          3311,
          -3314,
          3317,
          -3319,
          3322,
          -3325,
          3327,
          3329,
          -3330,
          3332,
          -3337,
          3339,
          -3343,
          3345,
          3347,
          -3354,
          3357,
          3360,
          -3361,
          3364,
          -3368,
          3370,
          -3373,
          3375,
          -3376,
          3378,
          -3381,
          3383,
          -3384,
          3386,
          -3387,
          3389,
          -3390,
          3394,
          -3399,
          3401,
          -3402,
          3404,
          -3406,
          3408,
          -3410,
          3413,
          3416,
          3419,
          -3421,
          3424,
          3428,
          -3429,
          3431,
          -3432,
          3439,
          3442,
          3444,
          -3445,
          3447,
          3449,
          3451,
          3453,
          3458,
          -3461,
          3463,
          -3464,
          3466,
          3468,
          -3470,
          3472,
          -3473,
          3476,
          3481,
          3483,
          -3484,
          3486,
          -3491,
          3493,
          -3494,
          3496,
          3498,
          -3499,
          3503,
          -3504,
          3508,
          -3509,
          3512,
          3517,
          -3518,
          3520,
          3522,
          -3523,
          3528,
          -3532,
          3536,
          3538,
          -3541,
          3544,
          3549,
          3551,
          3553,
          -3554,
          3557,
          3560,
          -3563,
          3565,
          -3567,
          3569,
          3572,
          3574,
          3576,
          3578,
          3582,
          -3587,
          3596,
          -3598,
          3601,
          3607,
          -3608,
          3611,
          3615,
          -3616,
          3618,
          3622,
          -3626,
          3628,
          3630,
          3632,
          3635,
          3639,
          3645,
          3652,
          3654,
          3656,
          -3657,
          3660,
          -3661,
          3665,
          3670,
          3672,
          3674,
          -3675,
          3677,
          3680,
          3684,
          3687,
          -3688,
          3695,
          -3696,
          3698,
          3703,
          3705,
          3712,
          -3714,
          3716,
          3719,
          3722,
          -3726,
          3728,
          3734,
          3736,
          -3738,
          3740,
          3742,
          -3743,
          3747,
          -3748,
          3752,
          3754,
          3759,
          -3760,
          3762,
          3764,
          3768,
          -3769,
          3771,
          -3772,
          3777,
          3783,
          -3784,
          3786,
          -3788,
          3792,
          3794,
          -3795,
          3797,
          3799,
          -3801,
          3806,
          3811,
          -3813,
          3818,
          3822,
          -3823,
          3825,
          3829,
          -3832,
          3838,
          -3839,
          3843,
          -3844,
          3846,
          3851,
          3854,
          -3855,
          3858,
          3860,
          3863,
          -3865,
          3867,
          -3868,
          3870,
          -3876,
          3878,
          -3879,
          3881,
          3883,
          3887,
          -3888,
          3890,
          -3893,
          3895,
          -3896,
          3898,
          -3900,
          3904,
          -3905,
          3909,
          -3910,
          3912,
          -3924,
          3927,
          -3928,
          3930,
          3932,
          -3938,
          3940,
          3942,
          -3943,
          3945,
          -3949,
          3954,
          -3958,
          3961,
          -3967,
          3969,
          3971,
          -3978,
          3980,
          -3982,
          3984,
          -3985,
          3989,
          -3990,
          3992,
          -3994,
          3996,
          -3999,
          4002,
          4004,
          -4009,
          4011,
          4013,
          -4014,
          4016,
          4018,
          -4024,
          4028,
          -4031,
          4033,
          4035,
          -4038,
          4040,
          4042,
          -4048,
          4052,
          -4054,
          4056,
          -4059,
          4061,
          4063,
          -4071,
          4074,
          4076,
          -4082,
          4084,
          4086,
          4088,
          -4093,
          4095,
          4097,
          -4098,
          4100,
          4102,
          -4106,
          4108,
          -4110,
          4112,
          -4116,
          4118,
          -4120,
          4122,
          4129,
          -4131,
          4133,
          4135,
          4137,
          -4140,
          4142,
          -4143,
          4145,
          -4146,
          4148,
          -4151,
          4153,
          4156,
          -4157,
          4161,
          -4163,
          4165,
          4167,
          -4169,
          4172,
          -4174,
          4177,
          4179,
          -4186,
          4188,
          4192,
          -4193,
          4195,
          4197,
          4201,
          -4204,
          4207,
          -4208,
          4210,
          4213,
          4216,
          4218,
          -4219,
          4221,
          4223,
          -4226,
          4228,
          4230,
          4233,
          4235,
          -4236,
          4240,
          -4243,
          4245,
          -4246,
          4248,
          4250,
          -4260,
          4263,
          -4264,
          4268,
          -4274,
          4277,
          -4280,
          4282,
          -4283,
          4285,
          4287,
          -4289,
          4292,
          4300,
          4302,
          -4303,
          4306,
          -4309,
          4314,
          4317,
          -4318,
          4320,
          4326,
          -4327,
          4330,
          4333,
          -4334,
          4338,
          -4339,
          4343,
          4345,
          4348,
          4351,
          4353,
          -4356,
          4360,
          4363,
          4366,
          4370,
          -4373,
          4375,
          -4376,
          4385,
          4387,
          -4391,
          4393,
          4395,
          4397,
          4399,
          -4400,
          4403,
          -4405,
          4410,
          -4412,
          4414,
          -4415,
          4417,
          4419,
          4422,
          4426,
          4429,
          4431,
          4434,
          -4435,
          4437,
          4439,
          4441,
          4446,
          4448,
          -4451,
          4454,
          4456,
          4458,
          4460,
          4462,
          4468,
          4471,
          -4472,
          4476,
          4478,
          -4479,
          4481,
          -4484,
          4486,
          -4489,
          4493,
          -4495,
          4497,
          4499,
          4501,
          -4502,
          4504,
          -4505,
          4508,
          -4509,
          4511,
          4513,
          -4514,
          4519,
          -4521,
          4523,
          4526,
          4529,
          -4534,
          4536,
          -4538,
          4540,
          -4542,
          4545,
          4550,
          4556,
          -4557,
          4564,
          -4568,
          4571,
          4573,
          4581,
          4584,
          4586,
          -4587,
          4589,
          4591,
          4593,
          4597,
          4600,
          -4602,
          4604,
          4608,
          4610,
          4612,
          4614,
          -4618,
          4621,
          -4623,
          4625,
          -4626,
          4628
        ],
        1
      ]
    },
    "SHOULD_DELETE":{
      "runs_and_values":[
        [
          3433,
          3435,
          3477,
          3704,
          4072,
          4305,
          4420,
          4498,
          4527,
          4569,
          4582,
          -4583,
          4590
        ],
        true
      ]
    }
  },
  "schema":{
    "display_name":"Schema",
    "description":"The Schema describing the layout of the 3LC object",
    "values":{
      "type":{
        "display_name":"Type",
        "description":"The type name of the class",
        "writable":false,
        "value":{
          "type":"string",
          "string_role":"ObjectType"
        }
      },
      "schema":{
        "display_name":"Schema",
        "description":"The Schema object format",
        "value":{
          "type":"dict"
        }
      },
      "created":{
        "display_name":"Created",
        "description":"The datetime of the object creation",
        "value":{
          "type":"string",
          "string_role":"Datetime"
        }
      },
      "serialization_version":{
        "display_name":"Version",
        "description":"The serialization version of the object",
        "value":{
          "type":"string",
          "string_role":"Version"
        }
      },
      "transaction_id":{
        "display_name":"Transaction ID",
        "description":"The transaction associated with this object",
        "writable":false,
        "default_visible":false,
        "value":{
          "type":"string"
        }
      },
      "is_url_writable":{
        "display_name":"Is URL writable",
        "description":"Whether the URL where the object is stored is writable.",
        "writable":false,
        "display_importance":-1,
        "transient":true,
        "default_visible":false,
        "value":{
          "type":"bool"
        }
      },
      "row_cache_url":{
        "display_name":"Row cache URL",
        "description":"An optional URL referring to a cached version of all rows within this table",
        "writable":false,
        "value":{
          "type":"string",
          "string_role":"URL"
        }
      },
      "row_cache_populated":{
        "display_name":"Row cache populated",
        "description":"Whether 'row_cache_url' refers to a cached version of all rows within this table",
        "writable":false,
        "value":{
          "type":"bool"
        }
      },
      "dataset_name":{
        "display_name":"Dataset name",
        "description":"The name of the dataset that this table belongs to",
        "writable":false,
        "display_importance":399,
        "transient":true,
        "value":{
          "type":"string"
        }
      },
      "project_name":{
        "display_name":"Project name",
        "description":"The name of the project that this table belongs to",
        "writable":false,
        "display_importance":400,
        "transient":true,
        "value":{
          "type":"string"
        }
      },
      "override_table_rows_schema":{
        "display_name":"Override Schema",
        "description":"A schema describing potentially sparse overrides for the base schema",
        "value":{
          "type":"dict"
        }
      },
      "row_count":{
        "display_name":"Row count",
        "description":"The number of rows within this table (if known).",
        "writable":false,
        "value":{
          "type":"int32",
          "min":-1,
          "max":1000000000,
          "enforce_min":true,
          "map":{
            "-1.0":{
              "internal_name":"Unknown",
              "display_name":"(Unknown)",
              "description":"The table hasn't produced its rows yet, and so the row count is still unknown",
              "display_color":"#c06060"
            }
          }
        }
      },
      "description":{
        "display_name":"Description",
        "display_importance":-1,
        "value":{
          "type":"string"
        }
      },
      "input_tables":{
        "display_name":"Input Tables",
        "description":"Which input tables have been used to produce the table.",
        "writable":false,
        "size0":{
          "type":"int32",
          "min":0,
          "max":1000,
          "enforce_min":true
        },
        "value":{
          "type":"string",
          "string_role":"URL/Table"
        }
      },
      "input_table_url":{
        "value":{
          "type":"string",
          "string_role":"URL/Table"
        }
      },
      "edits":{
        "display_name":"Edit schema",
        "description":"Schema for the 'edits' property",
        "value":{
          "type":"dict"
        }
      },
      "rows":{
        "display_name":"Table rows",
        "description":"A property containing the table rows within this Parquet table",
        "writable":false,
        "size0":{
          "type":"int32",
          "min":0,
          "max":1000000000,
          "enforce_min":true,
          "number_role":"table_row_index",
          "display_name":"Table row"
        },
        "values":{
          "id":{
            "writable":false,
            "value":{
              "type":"int32"
            }
          },
          "image":{
            "sample_type":"image_path",
            "value":{
              "type":"string",
              "string_role":"URL/Image"
            }
          },
          "label":{
            "sample_type":"categorical_label",
            "value":{
              "type":"int32",
              "min":0,
              "max":2,
              "number_role":"label",
              "map":{
                "0.0":{
                  "internal_name":"chihuahua"
                },
                "1.0":{
                  "internal_name":"muffin"
                },
                "2.0":{
                  "internal_name":"undefined"
                }
              }
            }
          },
          "weight":{
            "display_name":"Weight",
            "description":"The weights of the samples in this table.",
            "sample_type":"hidden",
            "value":{
              "default_value":1.0,
              "min":0,
              "enforce_min":true,
              "number_role":"sample_weight"
            }
          }
        }
      }
    }
  }
}