{
  "type":"EditedTable",
  "created":"Thu, 20 Nov 2025 00:33:51 GMT",
  "serialization_version":"1",
  "transaction_id":"57f34df5649799e8f925f6aebe6f3e57e4dc78f0fcf3cc5801ca9eb7b486ecc1",
  "row_cache_populated":false,
  "override_table_rows_schema":{},
  "row_count":4711,
  "input_table_url":"../SetLabelIn19RowsTo2Values",
  "edits":{
    "SHOULD_DELETE":{
      "runs_and_values":[
        [
          140,
          211,
          523,
          587,
          590,
          595,
          612,
          -613,
          616,
          -617,
          634,
          644,
          666,
          -667,
          669,
          -670,
          672,
          674,
          681,
          -682,
          707,
          755
        ],
        true
      ]
    },
    "label":{
      "runs_and_values":[
        [
          200,
          203,
          205,
          -208,
          210,
          212,
          215,
          -217,
          222,
          225,
          -227,
          230,
          -237,
          240,
          -242,
          244,
          -246,
          248,
          251,
          -252,
          255,
          -256,
          259,
          261,
          263,
          -264,
          267,
          269,
          -271,
          273,
          276,
          278,
          281,
          -284,
          288,
          -290,
          292,
          -295,
          297,
          -298,
          300,
          -301,
          305,
          -308,
          312,
          -313,
          315,
          319,
          321,
          324,
          328,
          330,
          -335,
          341,
          -342,
          344,
          347,
          350,
          -354,
          359,
          -362,
          364,
          -370,
          374,
          376,
          380,
          383,
          385,
          -386,
          389,
          391,
          396,
          -397,
          400,
          402,
          -403,
          408,
          -409,
          412,
          414,
          -416,
          420,
          424,
          -425,
          432,
          434,
          437,
          439,
          -440,
          445,
          447,
          -448,
          451,
          456,
          -457,
          459,
          461,
          -464,
          466,
          -468,
          472,
          -473,
          475,
          -477,
          479,
          -483,
          485,
          488,
          490,
          -492,
          495,
          497,
          500,
          508,
          510,
          514,
          -515,
          517,
          -520,
          525,
          530,
          549,
          553,
          -556,
          561,
          -566,
          569,
          -572,
          574,
          -586,
          588,
          -589,
          591,
          -594,
          596,
          -603,
          605,
          -611,
          614,
          -615,
          618,
          620,
          -629,
          631,
          -632,
          636,
          638,
          642,
          646,
          -649,
          651,
          -653,
          655,
          657,
          659,
          -660,
          662,
          -663,
          668,
          671,
          675,
          -676,
          683,
          686,
          -687,
          689,
          -690,
          692,
          -694,
          696,
          699,
          -702,
          704,
          -705,
          709,
          711,
          -713,
          715,
          717,
          719,
          -720,
          723,
          725,
          727,
          729,
          -730,
          733,
          735,
          737,
          740,
          747,
          750,
          753,
          759
        ],
        0,
        [
          346,
          640,
          661
        ],
        1
      ]
    }
  },
  "schema":{
    "display_name":"Schema",
    "description":"The Schema describing the layout of the 3LC object",
    "values":{
      "type":{
        "display_name":"Type",
        "description":"The type name of the class",
        "writable":false,
        "value":{
          "type":"string",
          "string_role":"ObjectType"
        }
      },
      "schema":{
        "display_name":"Schema",
        "description":"The Schema object format",
        "value":{
          "type":"dict"
        }
      },
      "created":{
        "display_name":"Created",
        "description":"The datetime of the object creation",
        "value":{
          "type":"string",
          "string_role":"Datetime"
        }
      },
      "serialization_version":{
        "display_name":"Version",
        "description":"The serialization version of the object",
        "value":{
          "type":"string",
          "string_role":"Version"
        }
      },
      "transaction_id":{
        "display_name":"Transaction ID",
        "description":"The transaction associated with this object",
        "writable":false,
        "default_visible":false,
        "value":{
          "type":"string"
        }
      },
      "is_url_writable":{
        "display_name":"Is URL writable",
        "description":"Whether the URL where the object is stored is writable.",
        "writable":false,
        "display_importance":-1,
        "transient":true,
        "default_visible":false,
        "value":{
          "type":"bool"
        }
      },
      "row_cache_url":{
        "display_name":"Row cache URL",
        "description":"An optional URL referring to a cached version of all rows within this table",
        "writable":false,
        "value":{
          "type":"string",
          "string_role":"URL"
        }
      },
      "row_cache_populated":{
        "display_name":"Row cache populated",
        "description":"Whether 'row_cache_url' refers to a cached version of all rows within this table",
        "writable":false,
        "value":{
          "type":"bool"
        }
      },
      "dataset_name":{
        "display_name":"Dataset name",
        "description":"The name of the dataset that this table belongs to",
        "writable":false,
        "display_importance":399,
        "transient":true,
        "value":{
          "type":"string"
        }
      },
      "project_name":{
        "display_name":"Project name",
        "description":"The name of the project that this table belongs to",
        "writable":false,
        "display_importance":400,
        "transient":true,
        "value":{
          "type":"string"
        }
      },
      "override_table_rows_schema":{
        "display_name":"Override Schema",
        "description":"A schema describing potentially sparse overrides for the base schema",
        "value":{
          "type":"dict"
        }
      },
      "row_count":{
        "display_name":"Row count",
        "description":"The number of rows within this table (if known).",
        "writable":false,
        "value":{
          "type":"int32",
          "min":-1,
          "max":1000000000,
          "enforce_min":true,
          "map":{
            "-1.0":{
              "internal_name":"Unknown",
              "display_name":"(Unknown)",
              "description":"The table hasn't produced its rows yet, and so the row count is still unknown",
              "display_color":"#c06060"
            }
          }
        }
      },
      "description":{
        "display_name":"Description",
        "display_importance":-1,
        "value":{
          "type":"string"
        }
      },
      "input_tables":{
        "display_name":"Input Tables",
        "description":"Which input tables have been used to produce the table.",
        "writable":false,
        "size0":{
          "type":"int32",
          "min":0,
          "max":1000,
          "enforce_min":true
        },
        "value":{
          "type":"string",
          "string_role":"URL/Table"
        }
      },
      "input_table_url":{
        "value":{
          "type":"string",
          "string_role":"URL/Table"
        }
      },
      "edits":{
        "display_name":"Edit schema",
        "description":"Schema for the 'edits' property",
        "value":{
          "type":"dict"
        }
      },
      "rows":{
        "display_name":"Table rows",
        "description":"A property containing the table rows within this Parquet table",
        "writable":false,
        "size0":{
          "type":"int32",
          "min":0,
          "max":1000000000,
          "enforce_min":true,
          "number_role":"table_row_index",
          "display_name":"Table row"
        },
        "values":{
          "id":{
            "writable":false,
            "value":{
              "type":"int32"
            }
          },
          "image":{
            "sample_type":"image_path",
            "value":{
              "type":"string",
              "string_role":"URL/Image"
            }
          },
          "label":{
            "sample_type":"categorical_label",
            "value":{
              "type":"int32",
              "min":0,
              "max":2,
              "number_role":"label",
              "map":{
                "0.0":{
                  "internal_name":"chihuahua"
                },
                "1.0":{
                  "internal_name":"muffin"
                },
                "2.0":{
                  "internal_name":"undefined"
                }
              }
            }
          },
          "weight":{
            "display_name":"Weight",
            "description":"The weights of the samples in this table.",
            "sample_type":"hidden",
            "value":{
              "default_value":1.0,
              "min":0,
              "enforce_min":true,
              "number_role":"sample_weight"
            }
          }
        }
      }
    }
  }
}